"data","memoria","cpu"
"01/20/2021 10:13:18","88.1","0.0"
"01/20/2021 10:13:48","86.2","5.8"
"01/20/2021 10:14:18","87.4","6.0"
"01/20/2021 10:14:48","86.1","7.1"
"01/20/2021 10:15:18","87.2","10.7"
"01/20/2021 10:15:48","87.1","16.5"
"01/20/2021 10:16:18","86.6","6.4"
"01/20/2021 10:16:48","86.5","16.3"
"01/20/2021 10:17:18","86.4","7.8"
"01/20/2021 10:17:48","86.2","15.8"
"01/20/2021 10:18:18","86.5","17.8"
"01/20/2021 10:18:48","87.0","20.2"
"01/20/2021 10:19:18","84.8","18.0"
"01/20/2021 10:19:48","84.9","19.0"
"01/20/2021 10:20:18","84.8","15.6"
"01/20/2021 10:20:48","85.2","19.1"
"01/20/2021 10:21:18","85.2","16.6"
"01/20/2021 10:21:48","86.3","37.2"
"01/20/2021 10:22:18","84.8","27.0"
"01/20/2021 10:22:48","84.5","17.8"
"01/20/2021 10:23:18","84.8","20.1"
"01/20/2021 10:23:48","84.7","21.6"
"01/20/2021 10:24:18","84.4","17.7"
"01/20/2021 10:24:48","84.5","18.7"
"01/20/2021 10:25:18","83.8","13.2"
"01/20/2021 10:25:48","84.0","15.9"
"01/20/2021 10:26:18","84.0","15.1"
"01/20/2021 10:26:48","83.9","23.7"
"01/20/2021 10:27:18","83.6","14.7"
"01/20/2021 10:27:48","83.6","12.4"
"01/20/2021 10:28:19","83.7","14.5"
"01/20/2021 10:28:49","83.6","10.9"
"01/20/2021 10:29:19","83.9","15.5"
"01/20/2021 10:29:49","84.0","17.9"
"01/20/2021 10:30:19","83.8","10.5"
"01/20/2021 10:30:49","83.8","12.9"
"01/20/2021 10:31:19","83.8","8.4"
"01/20/2021 10:31:49","84.1","14.2"
"01/20/2021 10:32:19","84.2","10.0"
"01/20/2021 10:32:49","84.0","13.8"
"01/20/2021 10:33:19","83.8","10.0"
"01/20/2021 10:33:49","83.9","14.2"
"01/20/2021 10:34:19","83.8","8.8"
"01/20/2021 10:34:49","83.8","19.8"
"01/20/2021 10:35:19","83.7","21.3"
"01/20/2021 10:35:49","83.1","13.2"
"01/20/2021 10:36:19","83.0","11.4"
"01/20/2021 10:36:49","83.1","22.0"
"01/20/2021 10:37:19","85.0","18.8"
"01/20/2021 10:37:49","83.9","13.9"
"01/20/2021 10:38:19","83.8","20.3"
"01/20/2021 10:38:49","84.3","18.3"
"01/20/2021 10:39:19","84.0","16.0"
"01/20/2021 10:39:49","83.6","17.0"
"01/20/2021 10:40:19","83.6","15.2"
"01/20/2021 10:40:49","83.8","21.7"
"01/20/2021 10:41:19","84.0","29.8"
"01/20/2021 10:41:49","83.8","20.3"
"01/20/2021 10:42:19","83.5","13.8"
"01/20/2021 10:42:49","83.9","13.9"
"01/20/2021 10:43:19","83.9","14.0"
"01/20/2021 10:43:49","83.6","13.7"
"01/20/2021 10:44:19","83.6","9.7"
"01/20/2021 10:44:49","83.4","14.6"
"01/20/2021 10:45:19","84.8","12.3"
"01/20/2021 10:45:50","85.0","10.0"
"01/20/2021 10:46:20","84.6","12.8"
"01/20/2021 10:46:50","85.4","11.6"
"01/20/2021 10:47:20","85.9","17.1"
"01/20/2021 10:47:50","85.1","15.1"
"01/20/2021 10:48:20","84.9","9.0"
"01/20/2021 10:48:50","84.9","7.5"
"01/20/2021 10:49:20","84.9","5.7"
"01/20/2021 10:49:50","85.0","7.5"
"01/20/2021 10:50:20","84.8","6.0"
"01/20/2021 10:50:50","85.1","8.1"
"01/20/2021 10:51:20","84.9","5.7"
"01/20/2021 10:51:50","84.9","8.3"
"01/20/2021 10:52:20","84.8","5.1"
"01/20/2021 10:52:50","85.3","7.7"
"01/20/2021 10:53:20","85.7","5.7"
"01/20/2021 10:53:50","85.4","7.7"
"01/20/2021 10:54:20","85.4","5.6"
"01/20/2021 10:54:50","85.4","7.6"
"01/20/2021 10:55:20","85.4","5.4"
"01/20/2021 10:55:50","85.7","9.1"
"01/20/2021 10:56:20","85.5","5.7"
"01/20/2021 10:56:50","86.9","9.6"
"01/20/2021 10:57:20","85.5","11.5"
"01/20/2021 10:57:50","70.6","19.4"
"01/20/2021 10:58:20","70.8","18.6"
"01/20/2021 10:58:50","70.4","12.9"
"01/20/2021 10:59:20","70.8","13.0"
"01/20/2021 10:59:50","70.3","11.8"
"01/20/2021 11:00:20","70.7","12.3"
"01/20/2021 11:00:50","70.6","16.1"
"01/20/2021 11:01:20","70.8","10.0"
"01/20/2021 11:01:50","70.9","9.4"
"01/20/2021 11:02:20","72.1","21.8"
"01/20/2021 11:02:50","72.5","15.8"
"01/20/2021 11:03:21","72.4","11.0"
"01/20/2021 11:03:51","72.5","9.2"
"01/20/2021 11:04:21","72.4","10.8"
"01/20/2021 11:04:51","72.4","8.3"
"01/20/2021 11:05:21","72.8","10.5"
"01/20/2021 11:05:51","72.9","18.7"
"01/20/2021 11:06:21","72.4","10.9"
"01/20/2021 11:06:51","72.7","9.8"
"01/20/2021 11:07:21","72.3","9.8"
"01/20/2021 11:07:51","76.2","20.2"
"01/20/2021 11:08:21","74.7","12.9"
"01/20/2021 11:08:51","74.6","11.9"
"01/20/2021 11:09:21","75.1","14.4"
"01/20/2021 11:09:51","75.2","23.8"
"01/20/2021 11:10:21","75.1","19.5"
"01/20/2021 11:10:51","75.2","16.8"
"01/20/2021 11:11:21","74.9","19.0"
"01/20/2021 11:11:51","74.5","17.9"
"01/20/2021 11:12:21","74.9","17.2"
"01/20/2021 11:12:51","74.9","17.9"
"01/20/2021 11:13:21","74.8","7.9"
"01/20/2021 11:13:51","74.6","9.9"
"01/20/2021 11:14:21","74.4","8.6"
"01/20/2021 11:14:51","74.6","10.5"
"01/20/2021 11:15:21","74.7","10.1"
"01/20/2021 11:15:51","75.3","13.6"
"01/20/2021 11:16:21","74.6","8.5"
"01/20/2021 11:16:51","74.8","6.6"
"01/20/2021 11:17:21","74.7","9.9"
"01/20/2021 11:17:51","74.8","7.7"
"01/20/2021 11:18:21","75.0","8.2"
"01/20/2021 11:18:51","74.8","9.9"
"01/20/2021 11:19:21","74.8","8.5"
"01/20/2021 11:19:51","74.8","9.2"
"01/20/2021 11:20:21","74.9","9.8"
"01/20/2021 11:20:52","74.9","11.3"
"01/20/2021 11:21:22","74.8","13.9"
"01/20/2021 11:21:52","74.8","7.5"
"01/20/2021 11:22:22","74.7","10.2"
"01/20/2021 11:22:52","75.3","23.5"
"01/20/2021 11:23:22","75.6","27.3"
"01/20/2021 11:23:52","76.6","18.0"
"01/20/2021 11:24:22","76.4","13.4"
"01/20/2021 11:24:52","76.6","17.2"
"01/20/2021 11:25:22","75.9","14.6"
"01/20/2021 11:25:52","77.6","18.3"
"01/20/2021 11:26:22","77.0","17.7"
"01/20/2021 11:26:52","76.1","10.0"
"01/20/2021 11:27:22","76.2","4.8"
"01/20/2021 11:27:52","76.0","6.8"
"01/20/2021 11:28:22","76.0","3.7"
"01/20/2021 11:28:52","76.1","7.1"
"01/20/2021 11:29:22","76.2","6.1"
"01/20/2021 11:29:52","76.1","7.4"
"01/20/2021 11:30:22","76.1","4.7"
"01/20/2021 11:30:52","77.2","13.2"
"01/20/2021 11:31:22","76.9","5.5"
"01/20/2021 11:31:52","76.8","6.1"
"01/20/2021 11:32:22","76.9","5.6"
"01/20/2021 11:32:52","76.8","7.6"
"01/20/2021 11:33:22","76.8","4.9"
"01/20/2021 11:33:52","76.8","7.6"
"01/20/2021 11:34:22","76.7","4.7"
"01/20/2021 11:34:52","77.1","11.5"
"01/20/2021 11:35:22","77.0","8.2"
"01/20/2021 11:35:52","77.4","7.8"
"01/20/2021 11:36:22","76.9","4.9"
"01/20/2021 11:36:52","77.0","6.6"
"01/20/2021 11:37:22","76.9","5.1"
"01/20/2021 11:37:52","78.0","7.6"
"01/20/2021 11:38:22","76.8","6.0"
"01/20/2021 11:38:52","76.9","4.8"
"01/20/2021 11:39:22","76.8","7.6"
"01/20/2021 11:39:53","76.9","5.0"
"01/20/2021 11:40:23","76.9","7.9"
"01/20/2021 11:40:53","77.2","6.3"
"01/20/2021 11:41:23","77.4","12.9"
"01/20/2021 11:41:53","77.3","9.1"
"01/20/2021 11:42:23","77.4","15.5"
"01/20/2021 11:42:53","77.1","12.9"
"01/20/2021 11:43:23","77.2","15.9"
"01/20/2021 11:43:53","77.2","11.5"
"01/20/2021 11:44:23","77.4","14.3"
"01/20/2021 11:44:53","77.2","14.3"
"01/20/2021 11:45:23","77.3","19.5"
"01/20/2021 11:45:53","77.7","17.6"
"01/20/2021 11:46:23","77.2","13.6"
"01/20/2021 11:46:53","77.2","10.6"
"01/20/2021 11:47:23","77.2","12.4"
"01/20/2021 11:47:53","78.0","13.9"
"01/20/2021 11:48:23","78.2","20.2"
"01/20/2021 11:48:53","78.1","12.2"
"01/20/2021 11:49:23","78.2","19.6"
"01/20/2021 11:49:53","78.2","14.2"
"01/20/2021 11:50:23","78.6","24.8"
"01/20/2021 11:50:53","78.9","17.7"
"01/20/2021 11:51:23","78.5","17.1"
"01/20/2021 11:51:53","78.6","19.8"
"01/20/2021 11:52:23","78.5","7.6"
"01/20/2021 11:52:53","78.3","16.9"
"01/20/2021 11:53:23","78.4","14.3"
"01/20/2021 11:53:53","78.2","17.8"
"01/20/2021 11:54:23","78.2","11.2"
"01/20/2021 11:54:53","78.2","17.6"
"01/20/2021 11:55:23","78.3","8.0"
"01/20/2021 11:55:53","78.9","18.6"
"01/20/2021 11:56:23","78.3","10.8"
"01/20/2021 11:56:53","78.4","13.4"
"01/20/2021 11:57:23","78.3","13.6"
"01/20/2021 11:57:53","79.1","7.7"
"01/20/2021 11:58:23","78.3","5.8"
"01/20/2021 11:58:54","78.3","4.5"
"01/20/2021 11:59:24","78.4","7.0"
"01/20/2021 11:59:54","78.4","4.1"
"01/20/2021 12:00:24","78.4","7.0"
"01/20/2021 12:00:54","78.5","8.3"
"01/20/2021 12:01:24","78.5","13.2"
"01/20/2021 12:01:54","78.7","4.7"
"01/20/2021 12:02:24","78.6","15.2"
"01/20/2021 12:02:54","78.5","4.8"
"01/20/2021 12:03:24","78.6","7.3"
"01/20/2021 12:03:54","78.6","5.3"
"01/20/2021 12:04:24","78.6","10.3"
"01/20/2021 12:04:54","78.5","6.6"
"01/20/2021 12:05:24","78.9","8.7"
"01/20/2021 12:05:54","79.9","10.0"
"01/20/2021 12:06:24","79.4","8.8"
"01/20/2021 12:06:54","79.0","6.4"
"01/20/2021 12:07:24","79.2","11.6"
"01/20/2021 12:07:54","79.2","10.6"
"01/20/2021 12:08:24","79.1","13.9"
"01/20/2021 12:08:54","78.9","13.3"
"01/20/2021 12:09:24","80.0","10.1"
"01/20/2021 12:09:54","79.2","7.9"
"01/20/2021 12:10:24","79.3","4.6"
"01/20/2021 12:10:54","79.6","9.5"
"01/20/2021 12:11:24","79.1","7.4"
"01/20/2021 12:11:54","79.3","8.3"
"01/20/2021 12:12:24","79.2","6.4"
"01/20/2021 12:12:54","79.3","9.8"
"01/20/2021 12:13:24","79.5","8.8"
"01/20/2021 12:13:54","79.6","12.9"
"01/20/2021 12:14:24","79.8","16.8"
"01/20/2021 12:14:54","81.3","18.3"
"01/20/2021 12:15:24","81.0","7.3"
"01/20/2021 12:15:54","80.5","14.6"
"01/20/2021 12:16:24","81.6","17.8"
"01/20/2021 12:16:54","81.2","7.7"
"01/20/2021 12:17:24","81.5","6.6"
"01/20/2021 12:17:55","81.5","7.6"
"01/20/2021 12:18:25","81.5","6.7"
"01/20/2021 12:18:55","81.4","7.9"
"01/20/2021 12:19:25","81.5","5.6"
"01/20/2021 12:19:55","81.3","10.4"
"01/20/2021 12:20:25","81.4","6.8"
"01/20/2021 12:20:55","82.5","8.1"
"01/20/2021 12:21:25","81.2","7.0"
"01/20/2021 12:21:55","81.3","15.2"
"01/20/2021 12:22:25","81.5","9.6"
"01/20/2021 12:22:55","81.3","11.3"
"01/20/2021 12:23:25","81.4","11.7"
"01/20/2021 12:23:55","81.4","6.7"
"01/20/2021 12:24:25","81.4","11.4"
"01/20/2021 12:24:55","81.3","8.7"
"01/20/2021 12:25:25","81.4","11.1"
"01/20/2021 12:25:55","81.4","10.0"
"01/20/2021 12:26:25","81.3","10.3"
"01/20/2021 12:26:55","81.2","8.1"
"01/20/2021 12:27:25","81.2","9.4"
"01/20/2021 12:27:55","81.1","7.4"
"01/20/2021 12:28:25","81.1","14.5"
"01/20/2021 12:28:55","81.1","12.4"
"01/20/2021 12:29:25","81.4","19.5"
"01/20/2021 12:29:55","81.3","15.9"
"01/20/2021 12:30:25","81.8","21.7"
"01/20/2021 12:30:55","81.8","9.9"
"01/20/2021 12:31:25","82.3","5.8"
"01/20/2021 12:31:55","81.5","4.4"
"01/20/2021 12:32:25","81.5","3.7"
"01/20/2021 12:32:55","81.4","5.8"
"01/20/2021 12:33:25","81.3","4.6"
"01/20/2021 12:33:55","81.3","6.0"
"01/20/2021 12:34:25","81.3","3.7"
"01/20/2021 12:34:55","81.3","5.8"
"01/20/2021 12:35:25","81.2","3.8"
"01/20/2021 12:35:56","81.6","7.4"
"01/20/2021 12:36:26","81.3","3.8"
"01/20/2021 12:36:56","81.2","5.7"
"01/20/2021 12:37:26","81.3","4.2"
"01/20/2021 12:37:56","81.3","5.6"
"01/20/2021 12:38:26","81.3","3.9"
"01/20/2021 12:38:56","81.3","6.0"
"01/20/2021 12:39:26","81.3","3.7"
"01/20/2021 12:39:56","81.3","6.4"
"01/20/2021 12:40:26","81.3","3.6"
"01/20/2021 12:40:56","81.5","6.3"
"01/20/2021 12:41:26","81.2","3.7"
"01/20/2021 12:41:56","81.4","6.0"
"01/20/2021 12:42:26","81.3","3.9"
"01/20/2021 12:42:56","81.3","5.8"
"01/20/2021 12:43:26","81.3","3.5"
"01/20/2021 12:43:56","81.3","5.6"
"01/20/2021 12:44:26","81.3","3.8"
"01/20/2021 12:44:56","81.9","5.0"
"01/20/2021 12:45:26","81.3","5.1"
"01/20/2021 12:45:56","81.7","4.3"
"01/20/2021 12:46:26","81.3","5.8"
"01/20/2021 12:46:56","81.3","3.8"
"01/20/2021 12:47:26","81.4","6.0"
"01/20/2021 12:47:56","81.3","3.6"
"01/20/2021 12:48:26","81.3","6.1"
"01/20/2021 12:48:56","81.3","3.9"
"01/20/2021 12:49:26","81.4","5.8"
"01/20/2021 12:49:56","81.4","3.6"
"01/20/2021 12:50:26","81.3","5.9"
"01/20/2021 12:50:56","81.8","4.2"
"01/20/2021 12:51:26","81.4","7.7"
"01/20/2021 12:51:56","81.5","4.0"
"01/20/2021 12:52:26","81.5","6.3"
"01/20/2021 12:52:56","81.5","5.2"
"01/20/2021 12:53:26","81.4","8.0"
"01/20/2021 12:53:56","81.4","3.9"
"01/20/2021 12:54:26","81.6","6.1"
"01/20/2021 12:54:57","81.4","3.9"
"01/20/2021 12:55:27","81.5","6.0"
"01/20/2021 12:55:57","81.9","5.7"
"01/20/2021 12:56:27","81.5","7.0"
"01/20/2021 12:56:57","81.4","4.9"
"01/20/2021 12:57:27","81.6","4.8"
"01/20/2021 12:57:57","81.4","5.3"
"01/20/2021 12:58:27","81.3","3.8"
"01/20/2021 12:58:57","81.4","5.9"
"01/20/2021 12:59:27","81.4","4.1"
"01/20/2021 12:59:57","81.4","5.8"
"01/20/2021 13:00:27","81.3","3.8"
"01/20/2021 13:00:57","81.6","6.2"
"01/20/2021 13:01:27","81.4","3.6"
"01/20/2021 13:01:57","81.4","5.8"
"01/20/2021 13:02:27","81.4","3.7"
"01/20/2021 13:02:57","81.3","6.5"
"01/20/2021 13:03:27","81.3","3.7"
"01/20/2021 13:03:57","81.4","5.6"
"01/20/2021 13:04:27","81.4","4.7"
"01/20/2021 13:04:57","81.3","6.4"
"01/20/2021 13:05:27","81.4","3.8"
"01/20/2021 13:05:57","81.8","6.6"
"01/20/2021 13:06:27","81.4","4.5"
"01/20/2021 13:06:57","81.3","5.8"
"01/20/2021 13:07:27","81.4","4.5"
"01/20/2021 13:07:57","81.5","6.8"
"01/20/2021 13:08:27","81.4","4.6"
"01/20/2021 13:08:57","82.3","5.2"
"01/20/2021 13:09:27","81.5","5.5"
"01/20/2021 13:09:57","81.7","4.5"
"01/20/2021 13:10:27","81.6","5.9"
"01/20/2021 13:10:57","81.8","4.1"
"01/20/2021 13:11:27","81.5","5.8"
"01/20/2021 13:11:57","81.5","4.4"
"01/20/2021 13:12:27","81.4","6.0"
"01/20/2021 13:12:57","81.4","3.5"
"01/20/2021 13:13:27","81.4","6.7"
"01/20/2021 13:13:58","81.5","4.1"
"01/20/2021 13:14:28","81.4","5.9"
"01/20/2021 13:14:58","81.6","3.7"
"01/20/2021 13:15:28","81.5","6.3"
"01/20/2021 13:15:58","81.8","6.3"
"01/20/2021 13:16:28","81.4","5.9"
"01/20/2021 13:16:58","81.4","3.5"
"01/20/2021 13:17:28","81.4","5.9"
"01/20/2021 13:17:58","81.5","3.8"
"01/20/2021 13:18:28","81.5","5.7"
"01/20/2021 13:18:58","81.5","4.7"
"01/20/2021 13:19:28","81.6","5.6"
"01/20/2021 13:19:58","81.5","3.8"
"01/20/2021 13:20:28","81.5","5.6"
"01/20/2021 13:20:58","81.7","4.2"
"01/20/2021 13:21:28","82.0","4.7"
"01/20/2021 13:21:58","81.7","4.9"
"01/20/2021 13:22:28","81.6","4.4"
"01/20/2021 13:22:58","81.6","6.2"
"01/20/2021 13:23:28","81.6","4.8"
"01/20/2021 13:23:58","81.5","6.1"
"01/20/2021 13:24:28","81.5","3.9"
"01/20/2021 13:24:58","81.5","6.4"
"01/20/2021 13:25:28","81.5","4.1"
"01/20/2021 13:25:58","82.1","8.6"
"01/20/2021 13:26:28","81.4","3.9"
"01/20/2021 13:26:58","81.4","5.7"
"01/20/2021 13:27:28","81.5","3.7"
"01/20/2021 13:27:58","81.4","5.7"
"01/20/2021 13:28:28","82.0","20.7"
"01/20/2021 13:28:58","81.7","16.8"
"01/20/2021 13:29:28","81.8","9.7"
"01/20/2021 13:29:58","76.5","22.4"
"01/20/2021 13:30:28","80.1","42.3"
"01/20/2021 13:30:58","79.4","23.3"
"01/20/2021 13:31:28","77.5","35.5"
"01/20/2021 13:31:58","79.1","28.4"
"01/20/2021 13:32:29","78.7","18.3"
"01/20/2021 13:32:59","78.2","6.2"
"01/20/2021 13:33:29","78.1","7.4"
"01/20/2021 13:33:59","78.1","4.7"
"01/20/2021 13:34:29","78.1","7.2"
"01/20/2021 13:34:59","77.8","6.4"
"01/20/2021 13:35:29","78.1","14.1"
"01/20/2021 13:35:59","78.2","7.6"
"01/20/2021 13:36:29","78.7","13.7"
"01/20/2021 13:36:59","78.6","6.4"
"01/20/2021 13:37:29","78.6","8.0"
"01/20/2021 13:37:59","78.4","5.3"
"01/20/2021 13:38:29","78.4","6.4"
"01/20/2021 13:38:59","78.6","4.3"
"01/20/2021 13:39:29","78.1","7.8"
"01/20/2021 13:39:59","78.1","6.0"
"01/20/2021 13:40:29","78.2","7.0"
"01/20/2021 13:40:59","78.5","6.9"
"01/20/2021 13:41:29","78.9","6.8"
"01/20/2021 13:41:59","78.1","4.9"
"01/20/2021 13:42:29","78.1","3.9"
"01/20/2021 13:42:59","78.4","9.5"
"01/20/2021 13:43:29","78.1","6.5"
"01/20/2021 13:43:59","78.0","6.5"
"01/20/2021 13:44:29","78.1","4.2"
"01/20/2021 13:44:59","78.1","5.7"
"01/20/2021 13:45:29","78.2","5.5"
"01/20/2021 13:45:59","78.5","9.5"
"01/20/2021 13:46:29","78.1","7.5"
"01/20/2021 13:46:59","78.4","14.6"
"01/20/2021 13:47:29","78.3","8.3"
"01/20/2021 13:47:59","78.2","10.4"
"01/20/2021 13:48:29","78.4","10.7"
"01/20/2021 13:48:59","78.1","15.0"
"01/20/2021 13:49:29","78.5","19.3"
"01/20/2021 13:49:59","80.9","16.4"
"01/20/2021 13:50:29","78.6","10.6"
"01/20/2021 13:51:00","78.7","9.8"
"01/20/2021 13:51:30","83.8","18.9"
"01/20/2021 13:52:00","84.5","16.5"
"01/20/2021 13:52:30","84.3","15.1"
"01/20/2021 13:53:00","85.1","17.2"
"01/20/2021 13:53:30","85.4","13.0"
"01/20/2021 13:54:00","84.7","8.5"
"01/20/2021 13:54:30","83.9","8.0"
"01/20/2021 13:55:00","83.5","11.3"
"01/20/2021 13:55:30","83.5","7.0"
"01/20/2021 13:56:00","84.6","9.8"
"01/20/2021 13:56:30","83.4","10.7"
"01/20/2021 13:57:00","83.6","12.1"
"01/20/2021 13:57:30","83.7","12.0"
"01/20/2021 13:58:00","83.9","16.9"
"01/20/2021 13:58:30","83.8","16.7"
"01/20/2021 13:59:00","84.0","12.9"
"01/20/2021 13:59:30","84.0","12.7"
"01/20/2021 14:00:00","84.3","18.5"
"01/20/2021 14:00:30","84.0","9.4"
"01/20/2021 14:01:01","83.8","12.6"
"01/20/2021 14:01:31","84.1","20.3"
"01/20/2021 14:02:01","84.1","9.9"
"01/20/2021 14:02:31","84.5","15.6"
"01/20/2021 14:03:01","84.5","16.6"
"01/20/2021 14:03:31","85.6","21.2"
"01/20/2021 14:04:01","84.7","10.2"
"01/20/2021 14:04:31","84.8","6.1"
"01/20/2021 14:05:01","84.8","6.4"
"01/20/2021 14:05:31","84.9","4.8"
"01/20/2021 14:06:01","85.0","6.7"
"01/20/2021 14:06:31","84.8","10.2"
"01/20/2021 14:07:01","84.6","7.2"
"01/20/2021 14:07:31","84.6","8.9"
"01/20/2021 14:08:01","84.5","6.8"
"01/20/2021 14:08:31","84.5","4.5"
"01/20/2021 14:09:01","84.6","7.7"
"01/20/2021 14:09:31","84.5","4.7"
"01/20/2021 14:10:01","84.6","7.1"
"01/20/2021 14:10:31","85.0","5.0"
"01/20/2021 14:11:01","85.0","9.7"
"01/20/2021 14:11:31","84.5","5.0"
"01/20/2021 14:12:01","84.6","9.0"
"01/20/2021 14:12:31","84.6","4.4"
"01/20/2021 14:13:01","84.6","6.6"
"01/20/2021 14:13:31","84.5","4.7"
"01/20/2021 14:14:01","84.5","6.0"
"01/20/2021 14:14:31","84.6","4.5"
"01/20/2021 14:15:01","84.7","5.9"
"01/20/2021 14:15:31","85.1","5.2"
"01/20/2021 14:16:01","85.1","6.0"
"01/20/2021 14:16:31","84.7","6.4"
"01/20/2021 14:17:01","84.7","4.2"
"01/20/2021 14:17:31","84.6","6.9"
"01/20/2021 14:18:01","84.6","4.2"
"01/20/2021 14:18:31","84.7","6.6"
"01/20/2021 14:19:02","84.7","4.3"
"01/20/2021 14:19:32","84.7","6.2"
"01/20/2021 14:20:02","84.8","4.6"
"01/20/2021 14:20:32","85.0","6.8"
"01/20/2021 14:21:02","84.8","4.4"
"01/20/2021 14:21:32","84.7","6.4"
"01/20/2021 14:22:02","84.8","4.6"
"01/20/2021 14:22:32","84.8","6.7"
"01/20/2021 14:23:02","84.7","5.3"
"01/20/2021 14:23:32","84.7","6.3"
"01/20/2021 14:24:02","84.7","4.1"
"01/20/2021 14:24:32","84.7","6.1"
"01/20/2021 14:25:02","84.8","4.3"
"01/20/2021 14:25:32","85.2","7.0"
"01/20/2021 14:26:02","85.3","8.0"
"01/20/2021 14:26:32","84.8","6.0"
"01/20/2021 14:27:02","84.8","4.4"
"01/20/2021 14:27:32","85.1","5.1"
"01/20/2021 14:28:02","84.8","5.4"
"01/20/2021 14:28:32","84.8","4.3"
"01/20/2021 14:29:02","84.7","6.5"
"01/20/2021 14:29:32","84.8","4.5"
"01/20/2021 14:30:02","84.9","7.9"
"01/20/2021 14:30:32","85.2","5.3"
"01/20/2021 14:31:02","85.5","8.6"
"01/20/2021 14:31:32","85.3","5.0"
"01/20/2021 14:32:02","84.7","7.3"
"01/20/2021 14:32:32","84.8","5.2"
"01/20/2021 14:33:02","84.7","6.4"
"01/20/2021 14:33:32","84.7","4.3"
"01/20/2021 14:34:02","84.8","6.2"
"01/20/2021 14:34:32","84.8","4.2"
"01/20/2021 14:35:02","84.9","6.1"
"01/20/2021 14:35:32","85.1","5.1"
"01/20/2021 14:36:02","84.8","7.0"
"01/20/2021 14:36:32","84.7","4.2"
"01/20/2021 14:37:02","84.8","6.4"
"01/20/2021 14:37:32","84.8","4.4"
"01/20/2021 14:38:03","84.8","6.2"
"01/20/2021 14:38:33","84.7","4.9"
"01/20/2021 14:39:03","85.8","5.7"
"01/20/2021 14:39:33","84.8","5.8"
"01/20/2021 14:40:03","84.9","4.4"
"01/20/2021 14:40:33","85.2","7.9"
"01/20/2021 14:41:03","84.8","5.0"
"01/20/2021 14:41:33","84.8","6.6"
"01/20/2021 14:42:03","84.8","4.8"
"01/20/2021 14:42:33","84.8","7.0"
"01/20/2021 14:43:03","84.8","4.5"
"01/20/2021 14:43:33","84.9","7.7"
"01/20/2021 14:44:03","84.8","4.5"
"01/20/2021 14:44:33","84.8","7.2"
"01/20/2021 14:45:03","84.9","5.0"
"01/20/2021 14:45:33","85.2","6.8"
"01/20/2021 14:46:03","84.9","4.5"
"01/20/2021 14:46:33","84.8","7.1"
"01/20/2021 14:47:03","84.9","6.5"
"01/20/2021 14:47:33","85.1","9.0"
"01/20/2021 14:48:03","84.9","5.2"
"01/20/2021 14:48:33","84.8","7.0"
"01/20/2021 14:49:03","84.9","5.2"
"01/20/2021 14:49:33","84.9","7.5"
"01/20/2021 14:50:03","85.0","4.7"
"01/20/2021 14:50:33","85.6","7.4"
"01/20/2021 14:51:03","85.4","6.2"
"01/20/2021 14:51:33","85.3","5.4"
"01/20/2021 14:52:03","84.9","5.4"
"01/20/2021 14:52:33","85.0","5.6"
"01/20/2021 14:53:03","84.9","6.8"
"01/20/2021 14:53:33","84.9","4.9"
"01/20/2021 14:54:03","84.9","7.4"
"01/20/2021 14:54:33","84.8","4.5"
"01/20/2021 14:55:03","84.9","6.8"
"01/20/2021 14:55:33","85.2","5.7"
"01/20/2021 14:56:03","84.9","7.0"
"01/20/2021 14:56:34","84.8","5.1"
"01/20/2021 14:57:04","84.8","6.8"
"01/20/2021 14:57:34","84.9","4.9"
"01/20/2021 14:58:04","84.8","6.4"
"01/20/2021 14:58:34","84.8","4.5"
"01/20/2021 14:59:04","84.9","6.4"
"01/20/2021 14:59:34","84.8","4.3"
"01/20/2021 15:00:04","84.9","6.8"
"01/20/2021 15:00:34","85.2","4.7"
"01/20/2021 15:01:04","85.0","7.5"
"01/20/2021 15:01:34","85.0","5.6"
"01/20/2021 15:02:04","84.9","6.8"
"01/20/2021 15:02:34","85.1","6.0"
"01/20/2021 15:03:04","85.1","7.0"
"01/20/2021 15:03:34","85.0","5.1"
"01/20/2021 15:04:04","85.0","5.4"
"01/20/2021 15:04:34","84.9","6.6"
"01/20/2021 15:05:04","85.0","4.8"
"01/20/2021 15:05:34","85.4","7.1"
"01/20/2021 15:06:04","85.0","5.4"
"01/20/2021 15:06:34","85.0","6.7"
"01/20/2021 15:07:04","85.0","4.6"
"01/20/2021 15:07:34","84.9","6.8"
"01/20/2021 15:08:04","85.0","4.5"
"01/20/2021 15:08:34","84.9","6.8"
"01/20/2021 15:09:04","84.9","4.4"
"01/20/2021 15:09:34","84.9","6.8"
"01/20/2021 15:10:04","85.0","5.2"
"01/20/2021 15:10:34","85.8","8.0"
"01/20/2021 15:11:04","85.5","5.2"
"01/20/2021 15:11:34","85.1","7.1"
"01/20/2021 15:12:04","85.0","4.7"
"01/20/2021 15:12:34","85.1","6.8"
"01/20/2021 15:13:04","85.2","4.7"
"01/20/2021 15:13:34","85.1","6.7"
"01/20/2021 15:14:04","85.0","4.3"
"01/20/2021 15:14:34","85.0","6.7"
"01/20/2021 15:15:04","85.2","5.9"
"01/20/2021 15:15:35","85.7","6.3"
"01/20/2021 15:16:05","85.1","5.9"
"01/20/2021 15:16:35","85.1","4.5"
"01/20/2021 15:17:05","85.1","7.4"
"01/20/2021 15:17:35","85.1","4.9"
"01/20/2021 15:18:05","85.0","6.9"
"01/20/2021 15:18:35","85.0","5.7"
"01/20/2021 15:19:05","85.0","6.8"
"01/20/2021 15:19:35","85.0","5.1"
"01/20/2021 15:20:05","85.0","7.1"
"01/20/2021 15:20:35","85.4","5.6"
"01/20/2021 15:21:05","85.1","6.9"
"01/20/2021 15:21:35","85.1","4.8"
"01/20/2021 15:22:05","85.2","6.9"
"01/20/2021 15:22:35","85.1","5.6"
"01/20/2021 15:23:05","85.1","7.1"
"01/20/2021 15:23:35","85.1","5.1"
"01/20/2021 15:24:05","85.0","7.1"
"01/20/2021 15:24:35","85.0","4.8"
"01/20/2021 15:25:05","85.1","6.7"
"01/20/2021 15:25:35","85.4","5.0"
"01/20/2021 15:26:05","85.1","7.6"
"01/20/2021 15:26:35","85.1","4.8"
"01/20/2021 15:27:05","86.0","5.9"
"01/20/2021 15:27:35","85.1","4.9"
"01/20/2021 15:28:05","85.0","4.5"
"01/20/2021 15:28:35","84.9","6.3"
"01/20/2021 15:29:05","84.9","4.7"
"01/20/2021 15:29:35","85.0","6.9"
"01/20/2021 15:30:05","85.0","4.8"
"01/20/2021 15:30:35","85.5","8.6"
"01/20/2021 15:31:05","85.1","4.8"
"01/20/2021 15:31:35","85.0","6.7"
"01/20/2021 15:32:05","85.1","5.2"
"01/20/2021 15:32:35","85.1","7.2"
"01/20/2021 15:33:05","85.1","4.4"
"01/20/2021 15:33:35","85.0","6.6"
"01/20/2021 15:34:06","85.0","5.6"
"01/20/2021 15:34:36","85.1","10.7"
"01/20/2021 15:35:06","85.2","7.8"
"01/20/2021 15:35:36","85.6","13.6"
"01/20/2021 15:36:06","85.2","8.9"
"01/20/2021 15:36:36","85.1","8.3"
"01/20/2021 15:37:06","85.3","6.4"
"01/20/2021 15:37:36","85.3","8.5"
"01/20/2021 15:38:06","85.3","6.6"
"01/20/2021 15:38:36","86.1","20.1"
"01/20/2021 15:39:06","85.4","7.0"
"01/20/2021 15:39:36","85.3","5.0"
"01/20/2021 15:40:06","85.3","7.2"
"01/20/2021 15:40:36","85.6","5.4"
"01/20/2021 15:41:06","85.5","13.3"
"01/20/2021 15:41:36","85.3","5.8"
"01/20/2021 15:42:06","85.6","13.1"
"01/20/2021 15:42:36","85.4","6.8"
"01/20/2021 15:43:06","85.5","8.7"
"01/20/2021 15:43:36","85.4","10.6"
"01/20/2021 15:44:06","85.4","13.6"
"01/20/2021 15:44:36","85.4","17.6"
"01/20/2021 15:45:06","85.5","11.1"
"01/20/2021 15:45:36","85.9","7.9"
"01/20/2021 15:46:06","85.7","12.0"
"01/20/2021 15:46:36","85.5","7.5"
"01/20/2021 15:47:06","85.5","8.5"
"01/20/2021 15:47:36","85.6","6.7"
"01/20/2021 15:48:06","85.6","11.5"
"01/20/2021 15:48:36","85.5","8.5"
"01/20/2021 15:49:06","85.6","8.3"
"01/20/2021 15:49:36","85.4","6.9"
"01/20/2021 15:50:06","86.7","7.8"
"01/20/2021 15:50:36","86.1","12.4"
"01/20/2021 15:51:06","85.5","6.4"
"01/20/2021 15:51:36","85.5","8.8"
"01/20/2021 15:52:07","85.6","6.6"
"01/20/2021 15:52:37","85.5","8.7"
"01/20/2021 15:53:07","85.5","6.9"
"01/20/2021 15:53:37","87.4","26.2"
"01/20/2021 15:54:07","87.5","13.1"
"01/20/2021 15:54:37","87.9","27.9"
"01/20/2021 15:55:07","87.9","5.3"
"01/20/2021 15:55:37","87.7","9.4"
"01/20/2021 15:56:07","85.6","6.6"
"01/20/2021 15:56:37","86.2","7.5"
"01/20/2021 15:57:07","85.3","6.3"
"01/20/2021 15:57:37","85.8","12.1"
"01/20/2021 15:58:07","85.9","23.7"
"01/20/2021 15:58:37","85.3","13.1"
"01/20/2021 15:59:07","85.2","6.2"
"01/20/2021 15:59:37","85.2","4.7"
"01/20/2021 16:00:07","85.1","6.5"
"01/20/2021 16:00:37","85.7","11.5"
"01/20/2021 16:01:07","85.4","6.6"
"01/20/2021 16:01:37","88.5","27.1"
"01/20/2021 16:02:07","87.0","8.5"
"01/20/2021 16:02:37","86.8","6.2"
"01/20/2021 16:03:07","86.8","6.9"
"01/20/2021 16:03:37","86.5","4.8"
"01/20/2021 16:04:07","86.5","6.6"
"01/20/2021 16:04:37","86.5","4.5"
"01/20/2021 16:05:07","86.5","6.8"
"01/20/2021 16:05:37","86.9","5.0"
"01/20/2021 16:06:07","86.6","6.5"
"01/20/2021 16:06:37","86.6","4.6"
"01/20/2021 16:07:07","87.4","6.0"
"01/20/2021 16:07:37","86.6","5.4"
"01/20/2021 16:08:07","86.5","4.5"
"01/20/2021 16:08:37","86.6","7.7"
"01/20/2021 16:09:07","86.5","4.3"
"01/20/2021 16:09:37","86.6","6.7"
"01/20/2021 16:10:08","86.7","5.0"
"01/20/2021 16:10:38","87.1","8.5"
"01/20/2021 16:11:08","86.7","4.4"
"01/20/2021 16:11:38","86.7","6.8"
"01/20/2021 16:12:08","86.7","4.4"
"01/20/2021 16:12:38","86.8","7.3"
"01/20/2021 16:13:08","86.7","4.4"
"01/20/2021 16:13:38","87.9","18.3"
"01/20/2021 16:14:08","89.4","18.2"
"01/20/2021 16:14:38","86.6","16.0"
"01/20/2021 16:15:08","86.7","10.2"
"01/20/2021 16:15:38","86.9","7.7"
"01/20/2021 16:16:08","86.6","4.6"
"01/20/2021 16:16:38","86.6","6.4"
"01/20/2021 16:17:08","86.4","5.2"
"01/20/2021 16:17:38","87.3","4.9"
"01/20/2021 16:18:08","86.5","6.2"
"01/20/2021 16:18:38","86.5","4.7"
"01/20/2021 16:19:08","86.4","6.8"
"01/20/2021 16:19:38","86.4","4.8"
"01/20/2021 16:20:08","86.5","7.4"
"01/20/2021 16:20:38","86.8","5.1"
"01/20/2021 16:21:08","86.5","6.6"
"01/20/2021 16:21:38","86.6","5.0"
"01/20/2021 16:22:08","86.7","8.0"
"01/20/2021 16:22:38","86.5","5.2"
"01/20/2021 16:23:08","86.5","6.6"
"01/20/2021 16:23:38","86.4","4.5"
"01/20/2021 16:24:08","86.4","6.6"
"01/20/2021 16:24:38","86.5","4.7"
"01/20/2021 16:25:08","86.4","8.1"
"01/20/2021 16:25:38","86.7","6.2"
"01/20/2021 16:26:08","86.6","7.1"
"01/20/2021 16:26:38","86.7","5.2"
"01/20/2021 16:27:08","86.6","7.0"
"01/20/2021 16:27:38","86.5","5.2"
"01/20/2021 16:28:08","86.5","6.7"
"01/20/2021 16:28:38","86.6","8.6"
"01/20/2021 16:29:08","86.9","5.6"
"01/20/2021 16:29:39","86.5","6.2"
"01/20/2021 16:30:09","86.5","4.8"
"01/20/2021 16:30:39","86.9","8.4"
"01/20/2021 16:31:09","86.7","5.6"
"01/20/2021 16:31:39","86.9","17.3"
"01/20/2021 16:32:09","86.6","9.0"
"01/20/2021 16:32:39","87.2","13.5"
"01/20/2021 16:33:09","84.1","27.2"
"01/20/2021 16:33:39","84.3","18.8"
"01/20/2021 16:34:09","85.0","17.1"
"01/20/2021 16:34:39","86.7","31.7"
"01/20/2021 16:35:09","86.1","6.0"
"01/20/2021 16:35:39","86.7","28.8"
"01/20/2021 16:36:09","85.8","19.5"
"01/20/2021 16:36:39","85.8","22.7"
"01/20/2021 16:37:09","85.8","26.2"
"01/20/2021 16:37:39","87.3","22.8"
"01/20/2021 16:38:09","86.5","26.3"
"01/20/2021 16:38:39","86.8","35.7"
"01/20/2021 16:39:09","86.4","30.7"
"01/20/2021 16:39:39","87.4","25.7"
"01/20/2021 16:40:09","86.4","28.0"
"01/20/2021 16:40:39","86.4","12.3"
"01/20/2021 16:41:09","84.3","32.7"
"01/20/2021 16:41:39","83.2","22.9"
"01/20/2021 16:42:09","83.6","23.1"
"01/20/2021 16:42:39","84.5","35.0"
"01/20/2021 16:43:09","85.4","25.5"
"01/20/2021 16:43:39","85.7","17.0"
"01/20/2021 16:44:09","86.0","30.6"
"01/20/2021 16:44:39","85.6","19.3"
"01/20/2021 16:45:09","85.5","19.6"
"01/20/2021 16:45:39","85.3","23.1"
"01/20/2021 16:46:09","85.5","26.3"
"01/20/2021 16:46:39","84.6","23.6"
"01/20/2021 16:47:10","84.4","26.5"
"01/20/2021 16:47:40","84.6","20.9"
"01/20/2021 16:48:10","84.7","21.0"
"01/20/2021 16:48:40","84.2","13.2"
"01/20/2021 16:49:10","84.2","10.5"
"01/20/2021 16:49:40","84.2","11.4"
"01/20/2021 16:50:10","84.4","9.9"
"01/20/2021 16:50:40","84.7","13.4"
"01/20/2021 16:51:10","84.3","9.0"
"01/20/2021 16:51:40","84.4","11.8"
"01/20/2021 16:52:10","84.4","9.0"
"01/20/2021 16:52:40","83.9","12.0"
"01/20/2021 16:53:10","84.0","11.8"
"01/20/2021 16:53:40","83.9","11.4"
"01/20/2021 16:54:10","83.9","9.1"
"01/20/2021 16:54:40","83.8","11.1"
"01/20/2021 16:55:10","83.9","9.0"
"01/20/2021 16:55:40","83.7","19.7"
"01/20/2021 16:56:10","84.5","11.8"
"01/20/2021 16:56:40","88.2","38.5"
"01/20/2021 16:57:10","88.1","11.7"
"01/20/2021 16:57:40","87.8","14.1"
"01/20/2021 16:58:10","87.7","10.8"
"01/20/2021 16:58:40","87.7","4.7"
"01/20/2021 16:59:10","87.0","10.2"
"01/20/2021 16:59:40","87.1","14.0"
"01/20/2021 17:00:10","87.7","14.3"
"01/20/2021 17:00:40","87.9","6.7"
"01/20/2021 17:01:10","87.7","6.6"
"01/20/2021 17:01:40","87.7","4.5"
"01/20/2021 17:02:10","87.4","6.2"
"01/20/2021 17:02:40","87.2","5.8"
"01/20/2021 17:03:10","91.5","32.0"
"01/20/2021 17:03:40","90.2","12.6"
"01/20/2021 17:04:10","90.2","7.3"
"01/20/2021 17:04:40","90.2","9.7"
"01/20/2021 17:05:10","90.2","7.0"
"01/20/2021 17:05:41","88.5","15.6"
"01/20/2021 17:06:11","88.7","17.1"
"01/20/2021 17:06:41","88.2","11.4"
"01/20/2021 17:07:11","88.2","11.4"
"01/20/2021 17:07:41","88.2","7.8"
"01/20/2021 17:08:11","79.9","14.9"
"01/20/2021 17:08:41","79.9","14.4"
"01/20/2021 17:09:11","80.5","9.5"
"01/20/2021 17:09:41","80.5","15.9"
"01/20/2021 17:10:11","80.6","6.8"
"01/20/2021 17:10:41","80.9","5.5"
"01/20/2021 17:11:11","80.6","6.3"
"01/20/2021 17:11:41","80.8","7.5"
"01/20/2021 17:12:11","80.8","18.3"
"01/20/2021 17:12:41","80.7","10.7"
"01/20/2021 17:13:11","80.8","10.6"
"01/20/2021 17:13:41","80.9","11.9"
"01/20/2021 17:14:11","80.9","15.3"
"01/20/2021 17:14:41","80.6","10.2"
"01/20/2021 17:15:11","80.8","23.9"
"01/20/2021 17:15:41","81.0","16.4"
"01/20/2021 17:16:11","83.2","23.9"
"01/20/2021 17:16:41","84.7","28.0"
"01/20/2021 17:17:11","84.4","28.7"
"01/20/2021 17:17:41","84.4","26.8"
"01/20/2021 17:18:11","84.3","15.3"
"01/20/2021 17:18:41","84.2","6.4"
"01/20/2021 17:19:11","84.4","5.8"
"01/20/2021 17:19:41","83.5","15.0"
"01/20/2021 17:20:11","83.7","12.2"
"01/20/2021 17:20:41","83.6","21.2"
"01/20/2021 17:21:11","83.5","16.2"
"01/20/2021 17:21:41","84.4","24.9"
"01/20/2021 17:22:11","84.2","31.3"
"01/20/2021 17:22:41","84.2","29.9"
"01/20/2021 17:23:11","84.1","26.9"
"01/20/2021 17:23:41","84.0","32.7"
"01/20/2021 17:24:12","84.1","25.7"
"01/20/2021 17:24:42","83.6","28.3"
"01/20/2021 17:25:12","83.4","20.7"
"01/20/2021 17:25:42","84.1","36.5"
"01/20/2021 17:26:12","84.1","34.2"
"01/20/2021 17:26:42","85.6","31.4"
"01/20/2021 17:27:12","84.4","27.1"
"01/20/2021 17:27:42","84.5","24.9"
"01/20/2021 17:28:12","84.7","25.7"
"01/20/2021 17:28:42","85.7","21.6"
"01/20/2021 17:29:12","85.2","15.8"
"01/20/2021 17:29:42","85.1","7.3"
"01/20/2021 17:30:12","85.2","9.9"
"01/20/2021 17:30:42","85.5","9.5"
"01/20/2021 17:31:12","85.9","20.3"
"01/20/2021 17:31:42","86.0","13.9"
"01/20/2021 17:32:12","85.9","9.3"
"01/20/2021 17:32:42","86.0","7.2"
"01/20/2021 17:33:12","86.3","7.7"
"01/20/2021 17:33:42","86.1","9.0"
"01/20/2021 17:34:12","86.2","7.5"
"01/20/2021 17:34:42","86.2","9.2"
"01/20/2021 17:35:12","87.4","13.0"
"01/20/2021 17:35:42","88.0","20.4"
"01/20/2021 17:36:12","88.3","10.5"
"01/20/2021 17:36:42","87.7","11.4"
"01/20/2021 17:37:12","85.6","17.8"
"01/20/2021 17:37:42","86.3","21.0"
"01/20/2021 17:38:12","86.3","7.1"
"01/20/2021 17:38:42","86.4","8.9"
"01/20/2021 17:39:12","86.5","7.1"
"01/20/2021 17:39:42","86.6","10.6"
"01/20/2021 17:40:12","86.7","11.9"
"01/20/2021 17:40:42","88.2","14.8"
"01/20/2021 17:41:12","87.4","17.1"
"01/20/2021 17:41:43","88.0","11.2"
"01/20/2021 17:42:13","88.0","13.2"
"01/20/2021 17:42:43","88.2","9.6"
"01/20/2021 17:43:13","88.0","14.4"
"01/20/2021 17:43:43","87.3","7.9"
"01/20/2021 17:44:13","87.3","10.4"
"01/20/2021 17:44:43","87.2","6.7"
"01/20/2021 17:45:13","87.3","9.8"
"01/20/2021 17:45:43","87.6","8.8"
"01/20/2021 17:46:13","87.3","10.4"
"01/20/2021 17:46:43","87.2","7.6"
"01/20/2021 17:47:13","87.2","10.0"
"01/20/2021 17:47:43","87.2","7.1"
"01/20/2021 17:48:13","87.3","8.4"
"01/20/2021 17:48:43","87.2","6.2"
"01/20/2021 17:49:13","87.9","7.8"
"01/20/2021 17:49:43","84.4","22.7"
"01/20/2021 17:50:13","84.0","34.2"
"01/20/2021 17:50:43","83.9","9.4"
"01/20/2021 17:51:13","83.6","5.0"
"01/20/2021 17:51:43","83.5","8.2"
"01/20/2021 17:52:13","83.5","5.0"
"01/20/2021 17:52:43","83.5","6.9"
"01/20/2021 17:53:13","83.5","5.1"
"01/20/2021 17:53:43","83.6","6.9"
"01/20/2021 17:54:13","83.4","4.8"
"01/20/2021 17:54:43","83.5","7.0"
"01/20/2021 17:55:13","83.4","4.8"
"01/20/2021 17:55:43","83.7","8.1"
"01/20/2021 17:56:13","84.6","8.6"
"01/20/2021 17:56:43","84.2","27.6"
"01/20/2021 17:57:13","83.6","5.1"
"01/20/2021 17:57:43","83.6","5.1"
"01/20/2021 17:58:13","83.6","7.2"
"01/20/2021 17:58:44","83.1","9.1"
"01/20/2021 17:59:14","82.9","11.1"
"01/20/2021 17:59:44","83.0","5.7"
"01/20/2021 18:00:14","83.0","7.0"
"01/20/2021 18:00:44","83.3","5.6"
"01/20/2021 18:01:14","83.0","7.0"
"01/20/2021 18:01:44","83.0","5.0"
"01/20/2021 18:02:14","83.1","7.3"
"01/20/2021 18:02:44","83.0","11.7"
"01/20/2021 18:03:14","82.7","15.2"
"01/20/2021 18:03:44","82.7","7.6"
"01/20/2021 18:04:14","82.6","10.0"
"01/20/2021 18:04:44","83.5","21.4"
"01/20/2021 18:05:14","83.8","16.1"
"01/20/2021 18:05:44","84.0","7.1"
"01/20/2021 18:06:14","84.3","8.0"
"01/20/2021 18:06:44","83.7","9.2"
"01/20/2021 18:07:14","83.9","21.1"
"01/20/2021 18:07:44","83.5","31.7"
"01/20/2021 18:08:14","83.6","28.2"
"01/20/2021 18:08:44","83.6","22.7"
"01/20/2021 18:09:14","81.4","12.2"
"01/20/2021 18:09:44","81.4","11.7"
"01/20/2021 18:10:14","81.5","12.1"
"01/20/2021 18:10:44","82.0","14.9"
"01/20/2021 18:11:14","81.8","10.1"
"01/20/2021 18:11:44","82.0","14.1"
"01/20/2021 18:12:14","82.0","11.7"
"01/20/2021 18:12:44","82.2","17.3"
"01/20/2021 18:13:14","81.9","8.2"
"01/20/2021 18:13:44","82.0","10.4"
"01/20/2021 18:14:14","82.0","8.5"
"01/20/2021 18:14:44","82.8","9.5"
"01/20/2021 18:15:14","81.9","9.8"
"01/20/2021 18:15:44","82.1","8.6"
"01/20/2021 18:16:14","82.0","10.4"
"01/20/2021 18:16:45","82.0","8.2"
"01/20/2021 18:17:15","82.1","10.4"
"01/20/2021 18:17:45","82.0","8.0"
"01/20/2021 18:18:15","82.0","10.4"
"01/20/2021 18:18:45","82.1","10.5"
"01/20/2021 18:19:15","82.0","11.7"
"01/20/2021 18:19:45","82.2","14.6"
"01/20/2021 18:20:15","81.8","26.3"
"01/20/2021 18:20:45","82.1","22.4"
"01/20/2021 18:21:15","81.7","15.6"
"01/20/2021 18:21:45","82.1","19.7"
"01/20/2021 18:22:15","82.1","18.1"
"01/20/2021 18:22:45","82.1","14.6"
"01/20/2021 18:23:15","82.1","14.5"
"01/20/2021 18:23:45","82.1","12.4"
"01/20/2021 18:24:15","82.1","14.4"
"01/20/2021 18:24:45","82.3","14.7"
"01/20/2021 18:25:15","82.5","14.2"
"01/20/2021 18:25:45","82.3","14.4"
"01/20/2021 18:26:15","82.1","13.0"
"01/20/2021 18:26:45","82.1","14.8"
"01/20/2021 18:27:15","82.5","16.1"
"01/20/2021 18:27:45","80.9","26.7"
"01/20/2021 18:28:15","80.6","15.1"
"01/20/2021 18:28:45","81.7","24.4"
"01/20/2021 18:29:15","84.1","37.3"
"01/20/2021 18:29:45","84.9","24.7"
"01/20/2021 18:30:15","85.9","43.2"
"01/20/2021 18:30:45","83.0","26.2"
"01/20/2021 18:31:15","83.7","19.2"
"01/20/2021 18:31:45","84.3","29.4"
"01/20/2021 18:32:16","84.1","20.1"
"01/20/2021 18:32:46","84.1","21.8"
"01/20/2021 18:33:16","84.3","24.5"
"01/20/2021 18:33:46","84.4","26.7"
"01/20/2021 18:34:16","85.7","51.4"
"01/20/2021 18:34:46","84.0","39.4"
"01/20/2021 18:35:16","83.3","25.5"
"01/20/2021 18:35:46","83.7","26.3"
"01/20/2021 18:36:16","83.4","29.1"
"01/20/2021 18:36:46","83.6","31.7"
"01/20/2021 18:37:16","84.4","43.9"
"01/20/2021 18:37:46","89.4","54.6"
"01/20/2021 18:38:16","87.0","42.7"
"01/20/2021 18:38:46","87.4","30.0"
"01/20/2021 18:39:16","86.5","26.4"
"01/20/2021 18:39:46","86.2","25.4"
"01/20/2021 18:40:16","86.4","26.3"
"01/20/2021 18:40:46","86.7","26.2"
"01/20/2021 18:41:16","86.2","27.0"
"01/20/2021 18:41:46","86.1","23.9"
"01/20/2021 18:42:16","86.4","29.2"
"01/20/2021 18:42:46","83.1","16.1"
"01/20/2021 18:43:16","83.7","14.8"
"01/20/2021 18:43:46","83.6","16.6"
"01/20/2021 18:44:16","83.8","12.4"
"01/20/2021 18:44:46","83.6","15.6"
"01/20/2021 18:45:16","83.5","11.1"
"01/20/2021 18:45:46","83.8","18.5"
"01/20/2021 18:46:16","83.6","10.4"
"01/20/2021 18:46:46","83.6","14.5"
"01/20/2021 18:47:16","83.7","14.1"
"01/20/2021 18:47:46","84.7","15.8"
"01/20/2021 18:48:17","84.4","17.7"
"01/20/2021 18:48:47","84.3","12.4"
"01/20/2021 18:49:17","83.4","34.1"
"01/20/2021 18:49:47","82.3","8.0"
"01/20/2021 18:50:17","82.4","10.4"
"01/20/2021 18:50:47","82.7","8.8"
"01/20/2021 18:51:17","82.3","9.8"
"01/20/2021 18:51:47","82.6","7.3"
"01/20/2021 18:52:17","82.3","10.6"
"01/20/2021 18:52:47","82.2","7.5"
"01/20/2021 18:53:17","82.1","9.6"
"01/20/2021 18:53:47","83.2","7.9"
"01/20/2021 18:54:17","86.0","38.6"
"01/20/2021 18:54:47","86.7","26.1"
"01/20/2021 18:55:17","87.4","31.5"
"01/20/2021 18:55:47","86.8","24.1"
"01/20/2021 18:56:17","86.3","15.2"
"01/20/2021 18:56:47","86.2","18.7"
"01/20/2021 18:57:17","86.1","15.2"
"01/20/2021 18:57:47","86.0","17.3"
"01/20/2021 18:58:17","86.0","14.8"
"01/20/2021 18:58:47","86.0","16.9"
"01/20/2021 18:59:17","86.1","15.2"
"01/20/2021 18:59:47","86.1","17.5"
"01/20/2021 19:00:17","85.2","21.4"
"01/20/2021 19:00:47","85.3","37.3"
"01/20/2021 19:01:17","85.3","29.7"
"01/20/2021 19:01:47","85.3","15.4"
"01/20/2021 19:02:17","85.5","8.8"
"01/20/2021 19:02:47","83.0","16.9"
"01/20/2021 19:03:17","83.3","21.9"
"01/20/2021 19:03:47","84.0","21.0"
"01/20/2021 19:04:17","83.8","15.9"
"01/20/2021 19:04:47","83.8","15.0"
"01/20/2021 19:05:17","83.8","16.0"
"01/20/2021 19:05:48","84.6","19.8"
"01/20/2021 19:06:18","83.8","18.2"
"01/20/2021 19:06:48","84.2","16.4"
"01/20/2021 19:07:18","84.2","20.9"
"01/20/2021 19:07:48","84.5","14.4"
"01/20/2021 19:08:18","82.3","27.3"
"01/20/2021 19:08:48","84.1","36.9"
"01/20/2021 19:09:18","84.0","18.3"
"01/20/2021 19:09:48","84.6","19.8"
"01/20/2021 19:10:18","84.2","16.8"
"01/20/2021 19:10:48","84.4","20.4"
"01/20/2021 19:11:18","84.0","15.4"
"01/20/2021 19:11:48","84.3","23.7"
"01/20/2021 19:12:18","84.4","16.3"
"01/20/2021 19:12:48","84.5","17.4"
"01/20/2021 19:13:18","83.2","23.3"
"01/20/2021 19:13:48","78.8","20.2"
"01/20/2021 19:14:18","78.7","10.1"
"01/20/2021 19:14:48","78.7","16.8"
"01/20/2021 19:15:18","78.8","10.1"
"01/20/2021 19:15:48","79.5","15.5"
"01/20/2021 19:16:18","82.3","27.4"
"01/20/2021 19:16:48","82.3","12.2"
"01/20/2021 19:17:18","82.5","19.7"
"01/20/2021 19:17:48","83.3","10.3"
"01/20/2021 19:18:18","82.6","9.0"
"01/20/2021 19:18:48","82.5","6.9"
"01/20/2021 19:19:18","82.2","8.5"
"01/20/2021 19:19:48","82.2","5.2"
"01/20/2021 19:20:18","83.0","37.9"
"01/20/2021 19:20:48","83.3","31.9"
"01/20/2021 19:21:18","83.1","17.8"
"01/20/2021 19:21:48","83.0","15.1"
"01/20/2021 19:22:18","82.7","11.8"
"01/20/2021 19:22:48","82.9","9.9"
"01/20/2021 19:23:18","82.8","13.8"
"01/20/2021 19:23:49","82.8","12.6"
"01/20/2021 19:24:19","82.7","13.2"
"01/20/2021 19:24:49","82.7","15.1"
"01/20/2021 19:25:19","82.5","11.2"
"01/20/2021 19:25:49","83.5","42.7"
"01/20/2021 19:26:19","83.6","20.6"
"01/20/2021 19:26:49","83.5","12.0"
"01/20/2021 19:27:19","82.5","36.1"
"01/20/2021 19:27:49","82.9","13.7"
"01/20/2021 19:28:19","83.0","17.7"
"01/20/2021 19:28:49","84.0","27.8"
"01/20/2021 19:29:19","83.9","24.6"
"01/20/2021 19:29:49","84.4","27.1"
"01/20/2021 19:30:19","84.2","20.1"
"01/20/2021 19:30:49","83.8","26.6"
"01/20/2021 19:31:19","83.9","20.0"
"01/20/2021 19:31:49","85.0","13.9"
"01/20/2021 19:32:19","84.5","15.9"
"01/20/2021 19:32:49","83.7","32.6"
"01/20/2021 19:33:19","84.2","21.0"
"01/20/2021 19:33:49","84.4","13.7"
"01/20/2021 19:34:19","84.9","18.7"
"01/20/2021 19:34:49","83.5","16.9"
"01/20/2021 19:35:19","83.6","18.2"
"01/20/2021 19:35:49","84.2","19.1"
"01/20/2021 19:36:19","83.8","14.7"
"01/20/2021 19:36:49","84.4","14.5"
"01/20/2021 19:37:19","84.5","37.2"
"01/20/2021 19:37:49","84.6","25.2"
"01/20/2021 19:38:19","84.9","16.0"
"01/20/2021 19:38:49","83.9","17.6"
"01/20/2021 19:39:19","83.7","15.8"
"01/20/2021 19:39:49","83.9","19.8"
"01/20/2021 19:40:19","83.8","17.8"
"01/20/2021 19:40:49","84.4","30.5"
"01/20/2021 19:41:20","83.4","22.4"
"01/20/2021 19:41:50","83.3","15.2"
"01/20/2021 19:42:20","83.1","12.5"
"01/20/2021 19:42:50","83.6","20.2"
"01/20/2021 19:43:20","83.5","16.7"
"01/20/2021 19:43:50","83.3","14.0"
"01/20/2021 19:44:20","83.7","21.3"
"01/20/2021 19:44:50","83.8","39.7"
"01/20/2021 19:45:20","83.2","24.3"
"01/20/2021 19:45:50","84.0","17.9"
"01/20/2021 19:46:20","83.7","18.7"
"01/20/2021 19:46:50","83.8","20.9"
"01/20/2021 19:47:20","84.5","18.4"
"01/20/2021 19:47:50","81.6","25.0"
"01/20/2021 19:48:20","83.0","24.6"
"01/20/2021 19:48:50","83.3","17.1"
"01/20/2021 19:49:20","83.5","17.8"
"01/20/2021 19:49:50","83.1","20.6"
"01/20/2021 19:50:20","83.6","17.7"
"01/20/2021 19:50:50","82.3","19.6"
"01/20/2021 19:51:20","82.1","14.4"
"01/20/2021 19:51:50","82.6","18.7"
"01/20/2021 19:52:20","84.3","33.4"
"01/20/2021 19:52:50","84.5","26.1"
"01/20/2021 19:53:20","83.1","15.8"
"01/20/2021 19:53:50","83.1","16.6"
"01/20/2021 19:54:20","83.0","19.3"
"01/20/2021 19:54:50","83.1","16.2"
"01/20/2021 19:55:20","83.0","19.8"
"01/20/2021 19:55:50","84.2","31.1"
"01/20/2021 19:56:20","84.3","19.9"
"01/20/2021 19:56:50","85.2","35.1"
"01/20/2021 19:57:20","80.7","24.9"
"01/20/2021 19:57:51","80.7","26.3"
"01/20/2021 19:58:21","80.8","20.7"
"01/20/2021 19:58:51","81.6","20.6"
"01/20/2021 19:59:21","82.2","35.1"
"01/20/2021 19:59:51","82.3","18.3"
"01/20/2021 20:00:21","82.5","12.3"
"01/20/2021 20:00:51","82.8","17.0"
"01/20/2021 20:01:21","82.8","16.0"
"01/20/2021 20:01:51","81.8","27.3"
"01/20/2021 20:02:21","81.4","10.7"
"01/20/2021 20:02:51","82.0","27.6"
"01/20/2021 20:03:21","76.6","31.5"
"01/20/2021 20:03:51","76.6","16.4"
"01/20/2021 20:04:21","76.9","12.7"
"01/20/2021 20:04:51","77.7","12.3"
"01/20/2021 20:05:21","76.9","15.0"
"01/20/2021 20:05:51","76.7","13.2"
"01/20/2021 20:06:21","76.0","13.4"
"01/20/2021 20:06:51","77.7","34.2"
"01/20/2021 20:07:21","76.9","24.3"
"01/20/2021 20:07:51","76.9","14.6"
"01/20/2021 20:08:21","76.8","15.4"
"01/20/2021 20:08:51","76.5","17.6"
"01/20/2021 20:09:21","76.5","16.5"
"01/20/2021 20:09:51","76.3","17.5"
"01/20/2021 20:10:21","76.3","17.8"
"01/20/2021 20:10:51","78.1","45.3"
"01/20/2021 20:11:21","77.1","27.4"
"01/20/2021 20:11:51","76.9","16.1"
"01/20/2021 20:12:21","76.8","20.2"
"01/20/2021 20:12:51","77.0","25.9"
"01/20/2021 20:13:21","77.7","35.5"
"01/20/2021 20:13:51","76.8","26.4"
"01/20/2021 20:14:21","77.3","16.1"
"01/20/2021 20:14:52","77.1","14.3"
"01/20/2021 20:15:22","76.8","15.6"
"01/20/2021 20:15:52","77.3","17.6"
"01/20/2021 20:16:22","77.0","16.6"
"01/20/2021 20:16:52","76.8","20.9"
"01/20/2021 20:17:22","77.1","17.7"
"01/20/2021 20:17:52","77.0","30.1"
"01/20/2021 20:18:22","76.3","20.0"
"01/20/2021 20:18:52","76.7","18.7"
"01/20/2021 20:19:22","76.3","18.1"
"01/20/2021 20:19:52","76.9","15.4"
"01/20/2021 20:20:22","76.8","13.4"
"01/20/2021 20:20:52","77.1","17.6"
"01/20/2021 20:21:22","76.9","30.7"
"01/20/2021 20:21:52","77.3","17.8"
"01/20/2021 20:22:22","76.4","17.7"
"01/20/2021 20:22:52","76.6","14.3"
"01/20/2021 20:23:22","76.3","15.0"
"01/20/2021 20:23:52","76.3","13.7"
"01/20/2021 20:24:22","76.0","12.7"
"01/20/2021 20:24:52","78.1","29.6"
"01/20/2021 20:25:22","77.8","36.2"
"01/20/2021 20:25:52","78.2","15.1"
"01/20/2021 20:26:22","77.5","18.6"
"01/20/2021 20:26:52","78.0","15.8"
"01/20/2021 20:27:22","77.4","18.3"
"01/20/2021 20:27:52","77.3","16.4"
"01/20/2021 20:28:22","77.1","36.2"
"01/20/2021 20:28:52","76.7","14.6"
"01/20/2021 20:29:22","77.3","16.5"
"01/20/2021 20:29:52","76.8","15.7"
"01/20/2021 20:30:22","77.3","14.3"
"01/20/2021 20:30:52","77.5","21.8"
"01/20/2021 20:31:22","77.5","27.4"
"01/20/2021 20:31:52","76.7","18.5"
"01/20/2021 20:32:23","76.8","14.3"
"01/20/2021 20:32:53","74.2","22.4"
"01/20/2021 20:33:23","77.4","32.9"
"01/20/2021 20:33:53","76.7","14.0"
"01/20/2021 20:34:23","76.7","15.8"
"01/20/2021 20:34:53","76.2","16.8"
"01/20/2021 20:35:23","76.5","12.2"
"01/20/2021 20:35:53","76.7","14.7"
"01/20/2021 20:36:23","73.1","13.0"
"01/20/2021 20:36:53","76.3","25.2"
"01/20/2021 20:37:23","76.2","12.9"
"01/20/2021 20:37:53","76.1","11.0"
"01/20/2021 20:38:23","76.0","3.9"
"01/20/2021 20:38:53","75.8","6.1"
"01/20/2021 20:39:23","72.9","3.9"
"01/20/2021 20:39:53","73.0","5.8"
"01/20/2021 20:40:23","72.9","3.8"
"01/20/2021 20:40:53","73.9","6.4"
"01/20/2021 20:41:23","73.4","7.1"
"01/20/2021 20:41:53","72.9","3.6"
"01/20/2021 20:42:23","74.0","9.0"
"01/20/2021 20:42:53","70.9","21.7"
"01/20/2021 20:43:23","70.7","7.5"
"01/20/2021 20:43:53","70.7","4.2"
"01/20/2021 20:44:23","70.7","6.4"
"01/20/2021 20:44:53","70.5","4.4"
"01/20/2021 20:45:23","70.6","5.9"
"01/20/2021 20:45:53","70.9","4.7"
"01/20/2021 20:46:23","70.5","6.2"
"01/20/2021 20:46:53","71.3","14.3"
"01/20/2021 20:47:23","71.2","6.3"
"01/20/2021 20:47:53","71.2","3.4"
"01/20/2021 20:48:23","71.4","6.6"
"01/20/2021 20:48:53","71.3","3.5"
"01/20/2021 20:49:23","71.2","5.5"
"01/20/2021 20:49:54","71.2","3.2"
"01/20/2021 20:50:24","71.2","5.3"
"01/20/2021 20:50:54","71.6","5.0"
"01/20/2021 20:51:24","71.5","17.4"
"01/20/2021 20:51:54","71.3","4.8"
"01/20/2021 20:52:24","71.4","3.5"
"01/20/2021 20:52:54","71.4","5.5"
"01/20/2021 20:53:24","71.4","3.4"
"01/20/2021 20:53:54","71.3","5.6"
"01/20/2021 20:54:24","71.4","3.4"
"01/20/2021 20:54:54","71.3","5.6"
"01/20/2021 20:55:24","71.3","3.4"
"01/20/2021 20:55:54","71.9","11.6"
"01/20/2021 20:56:24","71.5","6.5"
"01/20/2021 20:56:54","71.5","8.5"
"01/20/2021 20:57:24","71.5","6.3"
"01/20/2021 20:57:54","71.5","9.4"
"01/20/2021 20:58:24","71.4","6.2"
"01/20/2021 20:58:54","72.1","19.3"
"01/20/2021 20:59:24","71.8","24.4"
"01/20/2021 20:59:54","73.1","26.6"
"01/20/2021 21:00:24","72.3","17.6"
"01/20/2021 21:00:54","72.3","10.2"
"01/20/2021 21:01:24","72.2","13.5"
"01/20/2021 21:01:54","72.2","18.1"
"01/20/2021 21:02:24","72.2","22.3"
"01/20/2021 21:02:54","72.9","12.0"
"01/20/2021 21:03:24","73.1","13.4"
"01/20/2021 21:03:54","73.3","11.1"
"01/20/2021 21:04:24","73.3","13.3"
"01/20/2021 21:04:54","73.8","13.9"
"01/20/2021 21:05:24","73.7","12.1"
"01/20/2021 21:05:54","74.0","12.5"
"01/20/2021 21:06:24","74.4","17.3"
"01/20/2021 21:06:54","74.3","13.3"
"01/20/2021 21:07:24","75.5","28.9"
"01/20/2021 21:07:55","75.1","40.2"
"01/20/2021 21:08:25","74.9","19.1"
"01/20/2021 21:08:55","75.0","18.4"
"01/20/2021 21:09:25","75.0","17.3"
"01/20/2021 21:09:55","74.8","35.9"
"01/20/2021 21:10:25","74.9","21.0"
"01/20/2021 21:10:55","75.4","18.8"
"01/20/2021 21:11:25","76.2","28.9"
"01/20/2021 21:11:55","75.2","19.2"
"01/20/2021 21:12:25","75.1","15.6"
"01/20/2021 21:12:55","71.9","20.0"
"01/20/2021 21:13:25","72.0","6.3"
"01/20/2021 21:13:55","75.1","50.1"
"01/20/2021 21:14:25","76.5","56.6"
"01/20/2021 21:14:55","75.7","30.3"
"01/20/2021 21:15:25","75.9","18.4"
"01/20/2021 21:15:55","76.3","22.0"
"01/20/2021 21:16:25","72.0","23.1"
"01/20/2021 21:16:55","66.9","3.8"
"01/20/2021 21:17:25","66.9","5.7"
"01/20/2021 21:17:55","66.8","3.6"
"01/20/2021 21:18:25","66.8","5.5"
"01/20/2021 21:18:55","66.8","3.4"
"01/20/2021 21:19:25","66.8","5.5"
"01/20/2021 21:19:55","66.8","3.6"
"01/20/2021 21:20:25","66.8","5.5"
"01/20/2021 21:20:55","67.2","4.4"
"01/20/2021 21:21:25","66.8","5.5"
"01/20/2021 21:21:55","66.9","3.6"
"01/20/2021 21:22:25","66.9","6.1"
"01/20/2021 21:22:55","66.9","4.1"
"01/20/2021 21:23:25","66.9","5.5"
"01/20/2021 21:23:55","66.9","3.6"
"01/20/2021 21:24:25","66.9","5.6"
"01/20/2021 21:24:55","66.8","3.6"
"01/20/2021 21:25:25","66.8","5.3"
"01/20/2021 21:25:56","67.2","4.3"
"01/20/2021 21:26:26","66.9","5.8"
"01/20/2021 21:26:56","66.9","3.7"
"01/20/2021 21:27:26","66.9","5.6"
"01/20/2021 21:27:56","66.9","3.6"
"01/20/2021 21:28:26","67.8","5.3"
"01/20/2021 21:28:56","66.9","4.0"
"01/20/2021 21:29:26","66.9","3.4"
"01/20/2021 21:29:56","66.9","5.5"
"01/20/2021 21:30:26","66.9","3.4"
"01/20/2021 21:30:56","67.3","7.0"
"01/20/2021 21:31:26","67.0","3.5"
"01/20/2021 21:31:56","67.0","5.8"
"01/20/2021 21:32:26","67.0","3.5"
"01/20/2021 21:32:56","67.0","5.7"
"01/20/2021 21:33:26","66.9","3.7"
"01/20/2021 21:33:56","67.0","5.5"
"01/20/2021 21:34:26","67.0","3.6"
"01/20/2021 21:34:56","67.0","5.6"
"01/20/2021 21:35:26","66.9","3.5"
"01/20/2021 21:35:56","67.3","6.3"
"01/20/2021 21:36:26","67.0","3.8"
"01/20/2021 21:36:56","67.0","5.7"
"01/20/2021 21:37:26","67.0","3.6"
"01/20/2021 21:37:56","66.9","5.6"
"01/20/2021 21:38:26","67.0","3.7"
"01/20/2021 21:38:56","67.0","5.7"
"01/20/2021 21:39:26","67.0","3.6"
"01/20/2021 21:39:56","67.0","5.5"
"01/20/2021 21:40:26","67.0","3.6"
"01/20/2021 21:40:56","67.4","5.1"
"01/20/2021 21:41:26","66.9","5.1"
"01/20/2021 21:41:56","67.0","3.5"
"01/20/2021 21:42:26","67.0","5.7"
"01/20/2021 21:42:56","67.0","3.4"
"01/20/2021 21:43:26","67.0","5.6"
"01/20/2021 21:43:56","67.0","3.3"
"01/20/2021 21:44:26","67.1","6.0"
"01/20/2021 21:44:56","67.0","3.2"
"01/20/2021 21:45:26","67.0","5.7"
"01/20/2021 21:45:56","67.3","4.2"
"01/20/2021 21:46:26","67.1","5.7"
"01/20/2021 21:46:57","67.0","3.5"
"01/20/2021 21:47:27","67.0","5.9"
"01/20/2021 21:47:57","67.0","3.5"
"01/20/2021 21:48:27","67.1","5.7"
"01/20/2021 21:48:57","67.1","3.5"
"01/20/2021 21:49:27","67.1","5.7"
"01/20/2021 21:49:57","67.0","3.4"
"01/20/2021 21:50:27","67.1","5.7"
"01/20/2021 21:50:57","67.5","5.3"
"01/20/2021 21:51:27","67.1","5.6"
"01/20/2021 21:51:57","67.1","3.7"
"01/20/2021 21:52:27","67.9","5.3"
"01/20/2021 21:52:57","67.0","4.3"
"01/20/2021 21:53:27","67.1","3.7"
"01/20/2021 21:53:57","67.1","5.6"
"01/20/2021 21:54:27","67.1","3.7"
"01/20/2021 21:54:57","67.1","5.6"
"01/20/2021 21:55:27","67.1","3.6"
"01/20/2021 21:55:57","67.4","6.0"
"01/20/2021 21:56:27","67.1","3.5"
"01/20/2021 21:56:57","67.1","5.6"
"01/20/2021 21:57:27","67.1","3.6"
"01/20/2021 21:57:57","67.5","6.2"
"01/20/2021 21:58:27","67.5","3.4"
"01/20/2021 21:58:57","67.5","5.6"
"01/20/2021 21:59:27","67.5","4.1"
"01/20/2021 21:59:57","67.5","5.5"
"01/20/2021 22:00:27","67.5","3.4"
"01/20/2021 22:00:57","67.8","6.1"
"01/20/2021 22:01:27","67.5","3.7"
"01/20/2021 22:01:57","67.5","5.7"
"01/20/2021 22:02:27","67.5","3.7"
"01/20/2021 22:02:57","67.6","5.8"
"01/20/2021 22:03:27","67.5","3.7"
"01/20/2021 22:03:57","68.4","5.0"
"01/20/2021 22:04:27","67.6","4.2"
"01/20/2021 22:04:57","67.5","3.4"
"01/20/2021 22:05:27","67.5","5.6"
"01/20/2021 22:05:57","67.8","4.4"
"01/20/2021 22:06:28","67.6","5.8"
"01/20/2021 22:06:58","67.5","3.4"
"01/20/2021 22:07:28","67.6","5.8"
"01/20/2021 22:07:58","67.6","3.4"
"01/20/2021 22:08:28","67.6","5.7"
"01/20/2021 22:08:58","67.6","3.4"
"01/20/2021 22:09:28","67.6","5.6"
"01/20/2021 22:09:58","67.5","3.4"
"01/20/2021 22:10:28","67.6","5.4"
"01/20/2021 22:10:58","67.9","4.7"
"01/20/2021 22:11:28","67.6","5.6"
"01/20/2021 22:11:58","67.6","3.4"
"01/20/2021 22:12:28","67.7","5.8"
"01/20/2021 22:12:58","67.7","3.5"
"01/20/2021 22:13:28","67.7","5.5"
"01/20/2021 22:13:58","67.6","3.4"
"01/20/2021 22:14:28","68.1","12.4"
"01/20/2021 22:14:58","67.8","14.5"
"01/20/2021 22:15:28","67.8","5.6"
"01/20/2021 22:15:58","68.0","4.0"
"01/20/2021 22:16:28","68.1","4.4"
"01/20/2021 22:16:58","68.3","13.3"
"01/20/2021 22:17:28","68.0","33.0"
"01/20/2021 22:17:58","67.7","27.0"
"01/20/2021 22:18:28","68.0","22.9"
"01/20/2021 22:18:58","68.2","22.2"
"01/20/2021 22:19:28","69.4","29.8"
"01/20/2021 22:19:58","69.6","26.3"
"01/20/2021 22:20:28","70.4","22.8"
"01/20/2021 22:20:58","70.1","24.0"
"01/20/2021 22:21:28","70.4","22.3"
"01/20/2021 22:21:58","70.3","19.2"
"01/20/2021 22:22:28","70.3","10.4"
"01/20/2021 22:22:58","70.6","14.2"
"01/20/2021 22:23:28","70.7","25.1"
"01/20/2021 22:23:58","71.2","30.7"
"01/21/2021 10:55:48","65.9","0.0"
"01/21/2021 10:56:18","65.7","4.9"
"01/21/2021 10:56:48","66.1","18.0"
"01/21/2021 10:57:18","66.0","6.2"
"01/21/2021 10:57:56","66.2","0.0"
"01/21/2021 10:59:00","66.1","0.0"
"01/21/2021 10:59:23","66.2","0.0"
"01/21/2021 10:59:53","66.4","13.6"
"01/21/2021 11:02:51","67.2","12.8"
"01/21/2021 11:03:22","67.1","11.7"
"01/21/2021 11:03:52","67.4","9.9"
"01/21/2021 11:04:22","68.0","20.0"
"01/21/2021 11:04:52","67.8","14.9"
"01/21/2021 11:05:22","67.9","15.9"
"01/21/2021 11:05:52","69.5","15.5"
"01/21/2021 11:06:22","70.7","25.2"
"01/21/2021 11:06:52","71.2","12.2"
"01/21/2021 11:07:22","72.0","20.6"
"01/21/2021 11:07:52","71.7","8.5"
"01/21/2021 11:08:22","71.4","8.1"
"01/21/2021 11:08:52","71.4","6.1"
"01/21/2021 11:09:22","71.4","7.9"
"01/21/2021 11:09:52","71.4","5.6"
"01/21/2021 11:10:22","71.5","7.5"
"01/21/2021 11:10:52","71.8","6.6"
"01/21/2021 11:11:22","71.6","8.3"
"01/21/2021 11:11:52","71.7","6.0"
"01/21/2021 11:12:22","72.6","16.9"
"01/21/2021 11:12:52","71.8","9.9"
"01/21/2021 11:13:22","72.2","16.8"
"01/21/2021 11:13:52","72.8","22.8"
"01/21/2021 11:14:22","72.5","13.0"
"01/21/2021 11:14:52","73.1","11.9"
"01/21/2021 11:15:22","73.7","11.4"
"01/21/2021 11:15:52","74.7","28.1"
"01/21/2021 11:16:22","74.2","9.6"
"01/21/2021 11:16:52","74.2","12.3"
"01/21/2021 11:17:22","72.4","12.8"
"01/21/2021 11:17:52","75.3","42.4"
"01/21/2021 11:18:22","75.8","28.8"
"01/21/2021 11:18:52","75.6","27.1"
"01/21/2021 11:19:22","76.2","9.5"
"01/21/2021 11:19:52","75.9","13.4"
"01/21/2021 11:20:22","75.4","6.4"
"01/21/2021 11:20:52","75.9","12.7"
"01/21/2021 11:21:23","75.8","15.1"
"01/21/2021 11:21:53","78.7","37.1"
"01/21/2021 11:22:23","77.6","19.4"
"01/21/2021 11:22:53","77.5","38.1"
"01/21/2021 11:23:23","77.5","29.7"
"01/21/2021 11:23:53","79.6","32.5"
"01/21/2021 11:24:23","79.7","36.9"
"01/21/2021 11:24:53","81.4","30.5"
"01/21/2021 11:25:23","80.4","11.6"
"01/21/2021 11:25:53","80.8","31.9"
"01/21/2021 11:26:23","81.0","23.6"
"01/21/2021 11:26:53","80.5","18.5"
"01/21/2021 11:27:23","80.3","14.4"
"01/21/2021 11:27:53","81.1","19.8"
"01/21/2021 11:28:23","81.5","28.1"
"01/21/2021 11:28:53","81.4","23.9"
"01/21/2021 11:29:23","80.0","14.3"
"01/21/2021 11:29:53","80.6","18.9"
"01/21/2021 11:30:23","80.0","16.5"
"01/21/2021 11:30:53","80.9","22.8"
"01/21/2021 11:31:23","82.9","31.3"
"01/21/2021 11:31:53","82.6","39.9"
"01/21/2021 11:32:23","84.8","16.3"
"01/21/2021 11:32:53","80.5","16.8"
"01/21/2021 11:33:23","81.9","31.9"
"01/21/2021 11:33:53","81.9","35.9"
"01/21/2021 11:34:23","82.1","39.4"
"01/21/2021 11:34:53","79.8","40.7"
"01/21/2021 11:35:23","79.5","44.5"
"01/21/2021 11:35:53","80.1","41.8"
"01/21/2021 11:36:23","80.5","39.9"
"01/21/2021 11:36:53","81.5","31.7"
"01/21/2021 11:37:23","82.6","44.0"
"01/21/2021 11:37:54","83.5","20.3"
"01/21/2021 11:38:24","84.5","25.1"
"01/21/2021 11:38:54","82.8","34.2"
"01/21/2021 11:39:24","82.0","17.3"
"01/21/2021 11:39:54","82.3","42.5"
"01/21/2021 11:40:24","82.3","36.8"
"01/21/2021 11:40:54","82.3","33.9"
"01/21/2021 11:41:24","82.2","38.3"
"01/21/2021 11:41:54","82.2","36.4"
"01/21/2021 11:42:24","82.5","45.0"
"01/21/2021 11:42:54","83.0","41.5"
"01/21/2021 11:43:24","83.3","45.1"
"01/21/2021 11:43:54","83.0","36.9"
"01/21/2021 11:44:24","83.0","48.8"
"01/21/2021 11:44:54","83.4","43.7"
"01/21/2021 11:45:24","83.1","47.6"
"01/21/2021 11:45:54","83.9","42.1"
"01/21/2021 11:46:24","83.5","41.8"
"01/21/2021 11:46:54","83.4","45.9"
"01/21/2021 11:47:24","84.4","46.3"
"01/21/2021 11:47:54","84.4","27.9"
"01/21/2021 11:48:24","84.9","25.7"
"01/21/2021 11:48:54","85.0","34.1"
"01/21/2021 11:49:24","86.5","40.2"
"01/21/2021 11:49:54","84.8","50.9"
"01/21/2021 11:50:24","84.1","15.7"
"01/21/2021 11:50:54","84.4","7.8"
"01/21/2021 11:51:24","84.1","5.6"
"01/21/2021 11:51:54","83.4","9.2"
"01/21/2021 11:52:24","83.7","34.9"
"01/21/2021 11:52:54","83.3","35.9"
"01/21/2021 11:53:24","83.0","36.4"
"01/21/2021 11:53:54","81.5","35.7"
"01/21/2021 11:54:25","83.3","31.1"
"01/21/2021 11:54:55","84.8","32.8"
"01/21/2021 11:55:25","83.8","21.3"
"01/21/2021 11:55:55","84.2","26.8"
"01/21/2021 11:56:25","83.9","19.0"
"01/21/2021 11:56:55","83.9","14.4"
"01/21/2021 11:57:25","84.0","15.4"
"01/21/2021 11:57:55","85.0","25.6"
"01/21/2021 11:58:25","84.7","19.4"
"01/21/2021 11:58:55","84.7","15.3"
"01/21/2021 11:59:25","85.8","37.5"
"01/21/2021 11:59:55","84.9","23.9"
"01/21/2021 12:00:25","85.4","24.8"
"01/21/2021 12:00:55","84.7","23.8"
"01/21/2021 12:01:25","84.7","21.9"
"01/21/2021 12:01:55","84.7","25.0"
"01/21/2021 12:02:25","84.3","19.7"
"01/21/2021 12:02:55","85.0","14.9"
"01/21/2021 12:03:25","85.0","21.6"
"01/21/2021 12:03:55","84.3","38.0"
"01/21/2021 12:04:25","84.1","34.3"
"01/21/2021 12:04:55","84.2","31.7"
"01/21/2021 12:05:25","83.9","25.2"
"01/21/2021 12:05:55","78.6","26.8"
"01/21/2021 12:06:25","78.8","25.4"
"01/21/2021 12:06:55","77.9","31.8"
"01/21/2021 12:07:25","77.5","22.3"
"01/21/2021 12:07:55","77.6","26.2"
"01/21/2021 12:08:25","77.8","24.0"
"01/21/2021 12:08:55","78.4","26.0"
"01/21/2021 12:09:25","78.8","25.2"
"01/21/2021 12:09:55","78.6","27.1"
"01/21/2021 12:10:25","79.1","25.7"
"01/21/2021 12:10:55","80.5","14.5"
"01/21/2021 12:11:26","79.9","9.4"
"01/21/2021 12:11:56","80.3","14.3"
"01/21/2021 12:12:26","80.1","11.3"
"01/21/2021 12:12:56","81.0","14.2"
"01/21/2021 12:13:26","80.6","15.8"
"01/21/2021 12:13:56","81.0","21.3"
"01/21/2021 12:14:26","80.7","7.6"
"01/21/2021 12:14:56","80.6","8.9"
"01/21/2021 12:15:26","80.6","8.0"
"01/21/2021 12:15:56","81.1","8.5"
"01/21/2021 12:16:26","80.9","5.9"
"01/21/2021 12:16:56","81.3","6.7"
"01/21/2021 12:17:26","80.8","7.8"
"01/21/2021 12:17:56","80.8","9.0"
"01/21/2021 12:18:26","80.7","8.9"
"01/21/2021 12:18:56","81.0","9.7"
"01/21/2021 12:19:26","81.2","8.7"
"01/21/2021 12:19:56","81.2","7.0"
"01/21/2021 12:20:26","81.0","9.7"
"01/21/2021 12:20:56","81.4","7.3"
"01/21/2021 12:21:26","81.3","9.1"
"01/21/2021 12:21:56","81.2","6.6"
"01/21/2021 12:22:26","81.3","8.5"
"01/21/2021 12:22:56","81.3","7.4"
"01/21/2021 12:23:26","81.4","9.9"
"01/21/2021 12:23:56","82.5","15.3"
"01/21/2021 12:24:26","84.2","23.1"
"01/21/2021 12:24:56","83.5","8.5"
"01/21/2021 12:25:26","83.2","9.4"
"01/21/2021 12:25:56","83.2","8.4"
"01/21/2021 12:26:26","83.1","8.3"
"01/21/2021 12:26:56","83.2","7.0"
"01/21/2021 12:27:26","83.8","7.9"
"01/21/2021 12:27:56","84.2","13.7"
"01/21/2021 12:28:26","83.9","7.4"
"01/21/2021 12:28:56","83.7","8.5"
"01/21/2021 12:29:26","83.6","5.6"
"01/21/2021 12:29:57","83.5","8.5"
"01/21/2021 12:30:27","83.5","7.2"
"01/21/2021 12:30:57","83.6","8.9"
"01/21/2021 12:31:27","83.6","5.9"
"01/21/2021 12:31:57","83.5","8.2"
"01/21/2021 12:32:27","83.5","6.4"
"01/21/2021 12:32:57","83.4","8.1"
"01/21/2021 12:33:27","83.4","6.2"
"01/21/2021 12:33:57","83.6","9.7"
"01/21/2021 12:34:27","83.6","5.4"
"01/21/2021 12:34:57","83.8","8.9"
"01/21/2021 12:35:27","83.8","5.1"
"01/21/2021 12:35:57","84.0","7.6"
"01/21/2021 12:36:27","84.0","5.5"
"01/21/2021 12:36:57","83.9","7.9"
"01/21/2021 12:37:27","84.2","12.7"
"01/21/2021 12:37:57","84.0","7.7"
"01/21/2021 12:38:27","84.0","7.2"
"01/21/2021 12:38:57","84.1","6.9"
"01/21/2021 12:39:27","83.9","8.3"
"01/21/2021 12:39:57","84.0","5.9"
"01/21/2021 12:40:27","83.8","13.7"
"01/21/2021 12:40:57","83.2","8.9"
"01/21/2021 12:41:27","83.1","8.0"
"01/21/2021 12:41:57","83.2","7.2"
"01/21/2021 12:42:27","83.1","7.9"
"01/21/2021 12:42:57","83.3","7.7"
"01/21/2021 12:43:27","83.0","7.8"
"01/21/2021 12:43:57","83.7","8.7"
"01/21/2021 12:44:27","83.4","8.4"
"01/21/2021 12:44:57","83.5","6.9"
"01/21/2021 12:45:27","83.4","13.5"
"01/21/2021 12:45:57","84.0","10.9"
"01/21/2021 12:46:27","83.3","15.5"
"01/21/2021 12:46:57","82.9","6.8"
"01/21/2021 12:47:28","82.9","11.4"
"01/21/2021 12:47:58","83.0","10.6"
"01/21/2021 12:48:28","82.8","12.4"
"01/21/2021 12:48:58","82.8","10.0"
"01/21/2021 12:49:28","82.9","18.0"
"01/21/2021 12:49:58","82.8","13.3"
"01/21/2021 12:50:28","82.9","11.6"
"01/21/2021 12:50:58","83.1","14.0"
"01/21/2021 12:51:28","82.7","11.6"
"01/21/2021 12:51:58","82.8","13.2"
"01/21/2021 12:52:28","82.8","11.2"
"01/21/2021 12:52:58","82.7","13.0"
"01/21/2021 12:53:28","82.8","11.1"
"01/21/2021 12:53:58","82.7","12.9"
"01/21/2021 12:54:28","82.8","11.0"
"01/21/2021 12:54:58","82.7","13.0"
"01/21/2021 12:55:28","82.9","11.2"
"01/21/2021 12:55:58","83.0","13.7"
"01/21/2021 12:56:28","82.8","11.0"
"01/21/2021 12:56:58","82.9","13.1"
"01/21/2021 12:57:28","82.8","11.0"
"01/21/2021 12:57:58","82.8","13.6"
"01/21/2021 12:58:28","82.7","11.7"
"01/21/2021 12:58:58","82.8","13.0"
"01/21/2021 12:59:28","82.7","11.3"
"01/21/2021 12:59:58","82.8","12.7"
"01/21/2021 13:00:28","82.8","11.4"
"01/21/2021 13:00:58","82.9","12.9"
"01/21/2021 13:01:28","83.0","12.5"
"01/21/2021 13:01:58","82.8","11.1"
"01/21/2021 13:02:28","82.9","13.1"
"01/21/2021 13:02:58","82.9","11.4"
"01/21/2021 13:03:28","82.9","13.0"
"01/21/2021 13:03:58","82.7","11.0"
"01/21/2021 13:04:28","82.9","14.4"
"01/21/2021 13:04:59","82.7","11.6"
"01/21/2021 13:05:29","82.8","13.1"
"01/21/2021 13:05:59","83.1","11.4"
"01/21/2021 13:06:29","82.8","12.9"
"01/21/2021 13:06:59","82.9","11.2"
"01/21/2021 13:07:29","82.8","13.3"
"01/21/2021 13:07:59","82.7","11.0"
"01/21/2021 13:08:29","82.8","13.0"
"01/21/2021 13:08:59","82.8","11.2"
"01/21/2021 13:09:29","82.8","13.1"
"01/21/2021 13:09:59","82.7","11.3"
"01/21/2021 13:10:29","82.8","13.2"
"01/21/2021 13:10:59","82.9","12.0"
"01/21/2021 13:11:29","83.0","12.9"
"01/21/2021 13:11:59","82.9","11.2"
"01/21/2021 13:12:29","83.6","12.5"
"01/21/2021 13:12:59","82.9","11.6"
"01/21/2021 13:13:29","82.9","11.6"
"01/21/2021 13:13:59","82.9","13.5"
"01/21/2021 13:14:29","82.9","11.0"
"01/21/2021 13:14:59","82.9","13.4"
"01/21/2021 13:15:29","83.0","11.5"
"01/21/2021 13:15:59","83.0","13.5"
"01/21/2021 13:16:29","82.8","11.3"
"01/21/2021 13:16:59","82.9","13.6"
"01/21/2021 13:17:29","82.9","11.3"
"01/21/2021 13:17:59","82.8","13.3"
"01/21/2021 13:18:29","82.8","11.5"
"01/21/2021 13:18:59","82.8","13.2"
"01/21/2021 13:19:29","82.8","11.8"
"01/21/2021 13:19:59","82.9","13.2"
"01/21/2021 13:20:29","82.9","11.2"
"01/21/2021 13:20:59","82.9","14.8"
"01/21/2021 13:21:29","82.9","10.7"
"01/21/2021 13:21:59","82.9","9.9"
"01/21/2021 13:22:29","82.9","7.7"
"01/21/2021 13:23:00","83.0","9.6"
"01/21/2021 13:23:30","83.0","8.0"
"01/21/2021 13:24:00","83.8","9.0"
"01/21/2021 13:24:30","82.7","8.6"
"01/21/2021 13:25:00","82.8","7.5"
"01/21/2021 13:25:30","82.9","9.6"
"01/21/2021 13:26:00","83.1","7.9"
"01/21/2021 13:26:30","82.9","9.2"
"01/21/2021 13:27:00","83.0","7.2"
"01/21/2021 13:27:30","83.0","9.4"
"01/21/2021 13:28:00","82.8","7.5"
"01/21/2021 13:28:30","82.8","9.1"
"01/21/2021 13:29:00","83.0","7.3"
"01/21/2021 13:29:30","83.0","9.2"
"01/21/2021 13:30:00","83.0","7.1"
"01/21/2021 13:30:30","83.1","9.5"
"01/21/2021 13:31:00","83.1","8.0"
"01/21/2021 13:31:30","83.1","9.4"
"01/21/2021 13:32:00","83.1","7.5"
"01/21/2021 13:32:30","82.9","10.4"
"01/21/2021 13:33:00","82.9","7.3"
"01/21/2021 13:33:30","83.0","9.4"
"01/21/2021 13:34:00","82.9","7.3"
"01/21/2021 13:34:30","82.9","9.8"
"01/21/2021 13:35:00","82.9","7.7"
"01/21/2021 13:35:30","83.4","9.4"
"01/21/2021 13:36:00","83.3","8.3"
"01/21/2021 13:36:30","84.1","7.5"
"01/21/2021 13:37:00","83.0","9.3"
"01/21/2021 13:37:30","83.0","7.4"
"01/21/2021 13:38:00","83.0","9.6"
"01/21/2021 13:38:30","83.1","7.5"
"01/21/2021 13:39:00","83.1","9.4"
"01/21/2021 13:39:30","83.4","7.6"
"01/21/2021 13:40:00","83.2","9.7"
"01/21/2021 13:40:31","83.5","7.8"
"01/21/2021 13:41:01","83.1","10.6"
"01/21/2021 13:41:31","83.0","7.5"
"01/21/2021 13:42:01","83.1","9.3"
"01/21/2021 13:42:31","83.0","7.6"
"01/21/2021 13:43:01","83.0","9.5"
"01/21/2021 13:43:31","83.0","8.2"
"01/21/2021 13:44:01","82.9","9.6"
"01/21/2021 13:44:31","82.8","7.6"
"01/21/2021 13:45:01","83.1","9.8"
"01/21/2021 13:45:31","83.4","7.9"
"01/21/2021 13:46:01","84.1","16.0"
"01/21/2021 13:46:31","89.3","35.4"
"01/21/2021 13:47:01","83.6","41.5"
"01/21/2021 13:47:31","85.6","34.5"
"01/21/2021 13:48:01","85.0","31.9"
"01/21/2021 13:48:31","88.2","39.2"
"01/21/2021 13:49:01","87.5","40.7"
"01/21/2021 13:49:31","86.4","26.3"
"01/21/2021 13:50:01","86.7","28.3"
"01/21/2021 13:50:31","87.0","38.7"
"01/21/2021 13:51:01","87.0","48.8"
"01/21/2021 13:51:31","86.7","23.2"
"01/21/2021 13:52:01","86.1","17.3"
"01/21/2021 13:52:31","85.8","8.7"
"01/21/2021 13:53:01","85.6","6.3"
"01/21/2021 13:53:31","86.6","8.1"
"01/21/2021 13:54:01","85.7","7.1"
"01/21/2021 13:54:31","85.6","7.1"
"01/21/2021 13:55:01","85.6","9.0"
"01/21/2021 13:55:31","86.1","7.9"
"01/21/2021 13:56:01","85.8","8.9"
"01/21/2021 13:56:31","85.7","9.2"
"01/21/2021 13:57:01","85.7","14.4"
"01/21/2021 13:57:31","85.8","6.9"
"01/21/2021 13:58:02","85.6","10.4"
"01/21/2021 13:58:32","85.8","10.9"
"01/21/2021 13:59:02","85.7","10.5"
"01/21/2021 13:59:32","85.8","9.3"
"01/21/2021 14:00:02","85.8","9.3"
"01/21/2021 14:00:32","86.9","8.2"
"01/21/2021 14:01:02","85.8","9.8"
"01/21/2021 14:01:32","86.9","13.9"
"01/21/2021 14:02:02","86.3","8.2"
"01/21/2021 14:02:32","86.3","6.5"
"01/21/2021 14:03:02","86.3","8.4"
"01/21/2021 14:03:32","87.3","13.5"
"01/21/2021 14:04:02","86.9","14.3"
"01/21/2021 14:04:32","86.9","7.2"
"01/21/2021 14:05:02","87.0","8.9"
"01/21/2021 14:05:32","85.0","17.5"
"01/21/2021 14:06:02","85.3","18.0"
"01/21/2021 14:06:32","85.1","16.9"
"01/21/2021 14:07:02","85.9","17.8"
"01/21/2021 14:07:32","85.5","14.4"
"01/21/2021 14:08:02","85.6","17.7"
"01/21/2021 14:08:32","83.4","19.6"
"01/21/2021 14:09:02","83.9","28.2"
"01/21/2021 14:09:32","83.4","10.8"
"01/21/2021 14:10:02","83.9","13.6"
"01/21/2021 14:10:32","84.4","16.9"
"01/21/2021 14:11:02","84.6","24.1"
"01/21/2021 14:11:32","84.0","13.8"
"01/21/2021 14:12:02","84.1","14.4"
"01/21/2021 14:12:32","83.9","17.3"
"01/21/2021 14:13:02","74.5","19.4"
"01/21/2021 14:13:32","74.6","17.1"
"01/21/2021 14:14:02","74.5","16.6"
"01/21/2021 14:14:32","74.9","14.2"
"01/21/2021 14:15:02","76.8","34.9"
"01/21/2021 14:15:32","77.2","13.3"
"01/21/2021 14:16:02","77.2","13.7"
"01/21/2021 14:16:33","78.0","29.6"
"01/21/2021 14:17:03","76.9","22.6"
"01/21/2021 14:17:33","75.6","12.8"
"01/21/2021 14:18:03","75.4","10.7"
"01/21/2021 14:18:33","75.4","7.0"
"01/21/2021 14:19:03","75.2","8.8"
"01/21/2021 14:19:33","75.2","5.9"
"01/21/2021 14:20:03","75.0","8.5"
"01/21/2021 14:20:33","75.3","6.7"
"01/21/2021 14:21:03","75.0","8.9"
"01/21/2021 14:21:33","75.0","9.6"
"01/21/2021 14:22:03","75.0","12.3"
"01/21/2021 14:22:33","75.0","11.2"
"01/21/2021 14:23:03","75.5","16.0"
"01/21/2021 14:23:33","75.3","13.9"
"01/21/2021 14:24:03","75.5","8.5"
"01/21/2021 14:24:33","76.2","16.9"
"01/21/2021 14:25:03","75.8","7.9"
"01/21/2021 14:25:33","76.3","11.0"
"01/21/2021 14:26:03","76.6","12.6"
"01/21/2021 14:26:33","75.9","9.0"
"01/21/2021 14:27:03","75.8","6.6"
"01/21/2021 14:27:33","76.1","11.2"
"01/21/2021 14:28:03","77.6","20.2"
"01/21/2021 14:28:33","77.4","10.9"
"01/21/2021 14:29:03","77.5","7.9"
"01/21/2021 14:29:33","77.6","9.3"
"01/21/2021 14:30:03","77.6","7.4"
"01/21/2021 14:30:33","78.0","11.0"
"01/21/2021 14:31:03","78.5","23.3"
"01/21/2021 14:31:33","77.9","17.8"
"01/21/2021 14:32:03","79.0","15.0"
"01/21/2021 14:32:33","79.2","22.6"
"01/21/2021 14:33:03","78.9","22.8"
"01/21/2021 14:33:33","78.2","13.0"
"01/21/2021 14:34:04","78.0","7.1"
"01/21/2021 14:34:34","75.6","16.1"
"01/21/2021 14:35:04","80.4","29.9"
"01/21/2021 14:35:34","79.1","16.0"
"01/21/2021 14:36:04","78.6","10.4"
"01/21/2021 14:36:34","78.3","6.5"
"01/21/2021 14:37:04","78.2","8.7"
"01/21/2021 14:37:34","78.0","9.1"
"01/21/2021 14:38:04","78.0","8.1"
"01/21/2021 14:38:34","78.0","11.0"
"01/21/2021 14:39:04","78.1","10.1"
"01/21/2021 14:39:34","78.2","14.1"
"01/21/2021 14:40:04","77.5","17.9"
"01/21/2021 14:40:34","77.5","8.5"
"01/21/2021 14:41:04","76.9","12.4"
"01/21/2021 14:41:34","77.1","13.9"
"01/21/2021 14:42:04","77.2","11.6"
"01/21/2021 14:42:34","77.2","9.1"
"01/21/2021 14:43:04","77.2","8.4"
"01/21/2021 14:43:34","77.2","6.7"
"01/21/2021 14:44:04","77.3","11.9"
"01/21/2021 14:44:34","77.2","9.2"
"01/21/2021 14:45:04","77.6","11.3"
"01/21/2021 14:45:34","78.1","8.0"
"01/21/2021 14:46:04","77.3","11.4"
"01/21/2021 14:46:34","77.3","6.8"
"01/21/2021 14:47:04","77.7","16.4"
"01/21/2021 14:47:34","77.4","13.4"
"01/21/2021 14:48:04","76.9","16.5"
"01/21/2021 14:48:34","77.2","25.1"
"01/21/2021 14:49:04","76.7","16.6"
"01/21/2021 14:49:34","76.6","19.6"
"01/21/2021 14:50:04","76.5","5.5"
"01/21/2021 14:50:34","77.3","16.9"
"01/21/2021 14:51:04","77.3","15.2"
"01/21/2021 14:51:34","76.9","19.2"
"01/21/2021 14:52:05","77.3","26.2"
"01/21/2021 14:52:35","77.2","15.0"
"01/21/2021 14:53:05","77.3","11.8"
"01/21/2021 14:53:35","77.8","29.0"
"01/21/2021 14:54:05","77.5","16.4"
"01/21/2021 14:54:35","77.2","19.3"
"01/21/2021 14:55:05","77.8","22.3"
"01/21/2021 14:55:35","79.1","19.2"
"01/21/2021 14:56:05","78.1","17.1"
"01/21/2021 14:56:35","77.7","22.1"
"01/21/2021 14:57:05","76.9","10.2"
"01/21/2021 14:57:35","77.2","17.6"
"01/21/2021 14:58:05","77.1","5.1"
"01/21/2021 14:58:35","76.6","8.4"
"01/21/2021 14:59:05","76.8","14.2"
"01/21/2021 14:59:35","77.2","12.6"
"01/21/2021 15:00:05","77.1","9.9"
"01/21/2021 15:00:35","77.3","6.9"
"01/21/2021 15:01:05","77.0","8.8"
"01/21/2021 15:01:35","76.9","5.9"
"01/21/2021 15:02:05","77.0","8.6"
"01/21/2021 15:02:35","76.8","7.0"
"01/21/2021 15:03:05","76.6","8.4"
"01/21/2021 15:03:35","76.8","6.5"
"01/21/2021 15:04:05","76.7","9.9"
"01/21/2021 15:04:35","76.7","6.3"
"01/21/2021 15:05:05","76.9","8.8"
"01/21/2021 15:05:35","77.3","6.8"
"01/21/2021 15:06:05","76.9","8.7"
"01/21/2021 15:06:35","76.7","6.8"
"01/21/2021 15:07:05","76.7","8.3"
"01/21/2021 15:07:35","76.7","6.3"
"01/21/2021 15:08:05","76.9","8.5"
"01/21/2021 15:08:35","76.8","6.2"
"01/21/2021 15:09:06","76.8","8.2"
"01/21/2021 15:09:36","76.7","6.6"
"01/21/2021 15:10:06","76.7","6.3"
"01/21/2021 15:10:36","77.3","8.6"
"01/21/2021 15:11:06","76.7","6.2"
"01/21/2021 15:11:36","76.7","8.4"
"01/21/2021 15:12:06","76.5","6.2"
"01/21/2021 15:12:36","76.5","8.3"
"01/21/2021 15:13:06","76.5","6.3"
"01/21/2021 15:13:36","76.5","8.4"
"01/21/2021 15:14:06","76.6","6.4"
"01/21/2021 15:14:36","76.6","8.2"
"01/21/2021 15:15:06","76.6","6.8"
"01/21/2021 15:15:36","77.6","9.9"
"01/21/2021 15:16:06","76.6","7.1"
"01/21/2021 15:16:36","76.6","8.3"
"01/21/2021 15:17:06","76.5","6.2"
"01/21/2021 15:17:36","76.5","8.6"
"01/21/2021 15:18:06","76.6","6.3"
"01/21/2021 15:18:36","76.5","9.1"
"01/21/2021 15:19:06","76.4","6.7"
"01/21/2021 15:19:36","76.4","8.6"
"01/21/2021 15:20:06","76.7","8.7"
"01/21/2021 15:20:36","77.1","12.2"
"01/21/2021 15:21:06","76.6","5.2"
"01/21/2021 15:21:36","76.9","5.5"
"01/21/2021 15:22:06","76.7","19.1"
"01/21/2021 15:22:36","76.7","6.6"
"01/21/2021 15:23:06","76.7","8.0"
"01/21/2021 15:23:36","76.6","6.2"
"01/21/2021 15:24:06","76.6","8.3"
"01/21/2021 15:24:36","76.7","5.8"
"01/21/2021 15:25:06","77.4","11.4"
"01/21/2021 15:25:36","78.0","5.9"
"01/21/2021 15:26:06","77.5","7.6"
"01/21/2021 15:26:37","77.4","5.0"
"01/21/2021 15:27:07","77.3","7.5"
"01/21/2021 15:27:37","77.7","12.5"
"01/21/2021 15:28:07","77.8","6.8"
"01/21/2021 15:28:37","78.0","6.3"
"01/21/2021 15:29:07","77.9","8.2"
"01/21/2021 15:29:37","77.6","4.5"
"01/21/2021 15:30:07","77.7","6.7"
"01/21/2021 15:30:37","78.0","5.0"
"01/21/2021 15:31:07","77.6","6.8"
"01/21/2021 15:31:37","77.6","4.6"
"01/21/2021 15:32:07","77.2","15.6"
"01/21/2021 15:32:37","77.1","10.7"
"01/21/2021 15:33:07","78.0","12.1"
"01/21/2021 15:33:37","76.8","8.8"
"01/21/2021 15:34:07","76.8","5.9"
"01/21/2021 15:34:37","77.0","6.9"
"01/21/2021 15:35:07","76.9","14.6"
"01/21/2021 15:35:37","77.9","19.4"
"01/21/2021 15:36:07","77.0","14.2"
"01/21/2021 15:36:37","77.2","24.3"
"01/21/2021 15:37:07","77.7","22.3"
"01/21/2021 15:37:37","77.4","17.1"
"01/21/2021 15:38:07","77.3","7.4"
"01/21/2021 15:38:37","76.5","18.0"
"01/21/2021 15:39:07","76.4","5.4"
"01/21/2021 15:39:37","76.5","7.1"
"01/21/2021 15:40:07","76.4","8.1"
"01/21/2021 15:40:37","77.0","7.8"
"01/21/2021 15:41:07","77.0","8.3"
"01/21/2021 15:41:37","77.1","22.6"
"01/21/2021 15:42:07","76.7","7.3"
"01/21/2021 15:42:37","76.8","9.1"
"01/21/2021 15:43:07","76.5","6.9"
"01/21/2021 15:43:37","76.8","7.8"
"01/21/2021 15:44:07","76.6","8.5"
"01/21/2021 15:44:37","76.4","7.0"
"01/21/2021 15:45:07","76.7","10.0"
"01/21/2021 15:45:38","77.0","12.4"
"01/21/2021 15:46:08","79.6","23.2"
"01/21/2021 15:46:38","74.4","29.5"
"01/21/2021 15:47:08","73.3","25.1"
"01/21/2021 15:47:38","73.2","26.9"
"01/21/2021 15:48:08","72.8","31.8"
"01/21/2021 15:48:38","72.7","21.8"
"01/21/2021 15:49:08","72.7","22.7"
"01/21/2021 15:49:38","73.0","22.4"
"01/21/2021 15:50:08","72.7","23.4"
"01/21/2021 15:50:38","73.3","23.0"
"01/21/2021 15:51:08","73.1","28.4"
"01/21/2021 15:51:38","73.0","25.2"
"01/21/2021 15:52:08","73.1","23.8"
"01/21/2021 15:52:38","73.1","21.7"
"01/21/2021 15:53:08","73.2","22.5"
"01/21/2021 15:53:38","73.2","20.4"
